OID_,PATH,ROW,PR,h,v
0,13,25,013025,29,0
1,13,25,013025,30,0
2,13,26,013026,29,1
3,13,26,013026,30,1
4,13,26,013026,29,0
5,13,26,013026,30,0
6,13,27,013027,29,2
7,13,27,013027,29,1
8,13,27,013027,30,2
9,13,27,013027,30,1
10,13,28,013028,29,3
11,13,28,013028,29,2
12,13,28,013028,30,3
13,13,28,013028,30,2
14,13,29,013029,29,5
15,13,29,013029,29,4
16,13,29,013029,29,3
17,13,29,013029,30,5
18,13,29,013029,30,4
19,13,29,013029,30,3
20,13,30,013030,29,6
21,13,30,013030,30,6
22,13,30,013030,29,5
23,13,30,013030,29,4
24,13,30,013030,30,5
25,13,30,013030,30,4
26,13,31,013031,29,7
27,13,31,013031,29,6
28,13,31,013031,30,7
29,13,31,013031,30,6
30,13,32,013032,29,8
31,13,32,013032,29,7
32,13,32,013032,30,8
33,13,32,013032,30,7
34,13,33,013033,29,9
35,13,33,013033,29,8
36,13,33,013033,30,9
37,13,33,013033,30,8
38,13,34,013034,29,10
39,13,34,013034,30,10
40,13,34,013034,29,9
41,13,34,013034,30,9
42,13,35,013035,29,11
43,13,35,013035,29,10
44,13,35,013035,30,11
45,13,35,013035,30,10
46,13,36,013036,29,12
47,13,36,013036,30,12
48,13,36,013036,29,11
49,13,36,013036,30,11
50,13,37,013037,29,13
51,13,37,013037,30,13
52,13,37,013037,29,12
53,13,37,013037,30,12
54,13,38,013038,29,14
55,13,38,013038,30,14
56,13,38,013038,29,13
57,13,38,013038,30,13
58,13,39,013039,29,16
59,13,39,013039,29,15
60,13,39,013039,30,15
61,13,39,013039,29,14
62,13,39,013039,30,14
63,13,40,013040,29,17
64,13,40,013040,30,17
65,13,40,013040,29,16
66,13,40,013040,30,16
67,13,40,013040,29,15
68,13,40,013040,30,15
69,13,41,013041,28,17
70,13,41,013041,28,18
71,13,41,013041,29,18
72,13,41,013041,30,18
73,13,41,013041,29,17
74,13,41,013041,30,17
75,13,42,013042,28,18
76,13,42,013042,28,19
77,13,42,013042,29,19
78,13,42,013042,29,18
79,13,42,013042,30,19
80,13,42,013042,30,18
81,13,43,013043,28,19
82,13,43,013043,28,20
83,13,43,013043,29,20
84,13,43,013043,29,19
85,13,43,013043,30,20
86,13,43,013043,30,19
87,13,44,013044,28,20
88,13,44,013044,29,20
89,13,44,013044,30,20
90,13,44,013044,30,21
91,13,44,013044,29,21
92,13,44,013044,28,21
93,13,45,013045,30,21
94,13,45,013045,29,21
95,13,45,013045,28,21
96,29,23,029023,17,0
97,29,23,029023,18,0
98,29,23,029023,19,0
99,29,24,029024,17,0
100,29,24,029024,17,1
101,29,24,029024,18,0
102,29,24,029024,18,1
103,29,25,029025,17,1
104,29,25,029025,17,2
105,29,25,029025,18,1
106,29,25,029025,18,2
107,29,26,029026,16,2
108,29,26,029026,16,3
109,29,26,029026,17,2
110,29,26,029026,17,3
111,29,26,029026,18,2
112,29,26,029026,18,3
113,29,27,029027,16,3
114,29,27,029027,16,4
115,29,27,029027,17,3
116,29,27,029027,17,4
117,29,27,029027,18,3
118,29,28,029028,16,4
119,29,28,029028,16,5
120,29,28,029028,17,4
121,29,28,029028,17,5
122,29,29,029029,16,5
123,29,29,029029,16,6
124,29,29,029029,17,5
125,29,29,029029,17,6
126,29,30,029030,15,6
127,29,30,029030,15,7
128,29,30,029030,16,6
129,29,30,029030,16,7
130,29,30,029030,17,6
131,29,30,029030,17,7
132,29,31,029031,15,7
133,29,31,029031,15,8
134,29,31,029031,16,7
135,29,31,029031,16,8
136,29,32,029032,15,8
137,29,32,029032,15,9
138,29,32,029032,16,8
139,29,32,029032,16,9
140,29,33,029033,14,10
141,29,33,029033,15,9
142,29,33,029033,15,10
143,29,33,029033,16,9
144,29,33,029033,16,10
145,29,33,029033,16,11
146,29,34,029034,14,10
147,29,34,029034,14,11
148,29,34,029034,15,10
149,29,34,029034,15,11
150,29,34,029034,15,12
151,29,34,029034,16,10
152,29,34,029034,16,11
153,29,35,029035,14,11
154,29,35,029035,14,12
155,29,35,029035,14,13
156,29,35,029035,15,11
157,29,35,029035,15,12
158,29,35,029035,15,13
159,29,36,029036,14,12
160,29,36,029036,14,13
161,29,36,029036,14,14
162,29,36,029036,15,12
163,29,36,029036,15,13
164,29,36,029036,15,14
165,29,37,029037,13,14
166,29,37,029037,13,15
167,29,37,029037,14,13
168,29,37,029037,14,14
169,29,37,029037,14,15
170,29,37,029037,15,14
171,29,37,029037,15,15
172,29,38,029038,13,14
173,29,38,029038,13,15
174,29,38,029038,13,16
175,29,38,029038,14,14
176,29,38,029038,14,15
177,29,38,029038,14,16
178,29,39,029039,13,15
179,29,39,029039,13,16
180,29,39,029039,13,17
181,29,39,029039,14,16
182,29,39,029039,14,17
183,29,40,029040,12,17
184,29,40,029040,12,18
185,29,40,029040,13,17
186,29,40,029040,13,18
187,29,40,029040,14,17
188,29,40,029040,14,18
189,29,41,029041,12,18
190,29,41,029041,12,19
191,29,41,029041,13,18
192,29,41,029041,13,19
193,29,41,029041,14,18
194,29,42,029042,12,19
195,29,42,029042,12,20
196,29,42,029042,13,19
197,29,42,029042,13,20
198,29,43,029043,12,20
199,29,43,029043,13,20
200,29,43,029043,13,21
201,29,43,029043,12,21
202,29,43,029043,11,21
203,29,44,029044,13,21
204,29,44,029044,12,21
205,29,44,029044,11,21
206,45,24,045024,6,0
207,45,24,045024,7,0
208,45,25,045025,5,0
209,45,25,045025,5,1
210,45,25,045025,6,0
211,45,25,045025,6,1
212,45,26,045026,4,1
213,45,26,045026,5,0
214,45,26,045026,5,1
215,45,26,045026,5,2
216,45,26,045026,6,1
217,45,27,045027,4,1
218,45,27,045027,4,2
219,45,27,045027,4,3
220,45,27,045027,5,1
221,45,27,045027,5,2
222,45,27,045027,5,3
223,45,28,045028,3,2
224,45,28,045028,3,3
225,45,28,045028,4,2
226,45,28,045028,4,3
227,45,28,045028,4,4
228,45,28,045028,5,3
229,45,29,045029,3,3
230,45,29,045029,3,4
231,45,29,045029,3,5
232,45,29,045029,4,3
233,45,29,045029,4,4
234,45,29,045029,4,5
235,45,30,045030,2,4
236,45,30,045030,2,5
237,45,30,045030,3,4
238,45,30,045030,3,5
239,45,30,045030,3,6
240,45,30,045030,4,4
241,45,30,045030,4,5
242,45,31,045031,2,5
243,45,31,045031,2,6
244,45,31,045031,3,5
245,45,31,045031,3,6
246,45,31,045031,1,6
247,45,32,045032,2,6
248,45,32,045032,2,7
249,45,32,045032,3,6
250,45,32,045032,3,7
251,45,32,045032,1,6
252,45,32,045032,1,7
253,45,33,045033,2,7
254,45,33,045033,2,8
255,45,33,045033,1,7
256,45,33,045033,1,8
257,45,33,045033,0,8
258,45,34,045034,1,8
259,45,34,045034,0,8
260,45,34,045034,1,9
261,45,34,045034,0,9
262,45,35,045035,1,9
263,45,35,045035,0,9
264,45,35,045035,1,10
265,45,35,045035,0,10
266,45,36,045036,0,10
267,45,36,045036,0,11
268,45,37,045037,0,11
269,45,37,045037,0,12
270,20,24,020024,23,0
271,20,24,020024,24,0
272,20,24,020024,25,0
273,20,25,020025,23,0
274,20,25,020025,23,1
275,20,25,020025,24,0
276,20,25,020025,24,1
277,20,25,020025,25,0
278,20,25,020025,25,1
279,20,26,020026,23,1
280,20,26,020026,23,2
281,20,26,020026,24,1
282,20,26,020026,24,2
283,20,26,020026,25,1
284,20,26,020026,25,2
285,20,27,020027,23,2
286,20,27,020027,23,3
287,20,27,020027,24,2
288,20,27,020027,24,3
289,20,27,020027,24,4
290,20,28,020028,23,3
291,20,28,020028,23,4
292,20,28,020028,23,5
293,20,28,020028,24,3
294,20,28,020028,24,4
295,20,28,020028,24,5
296,20,29,020029,23,4
297,20,29,020029,23,5
298,20,29,020029,23,6
299,20,29,020029,24,5
300,20,29,020029,24,6
301,20,30,020030,23,6
302,20,30,020030,23,7
303,20,30,020030,24,6
304,20,30,020030,24,7
305,20,31,020031,23,7
306,20,31,020031,23,8
307,20,31,020031,24,7
308,20,31,020031,24,8
309,20,32,020032,23,8
310,20,32,020032,23,9
311,20,32,020032,24,8
312,20,32,020032,24,9
313,20,33,020033,22,9
314,20,33,020033,22,10
315,20,33,020033,23,9
316,20,33,020033,23,10
317,20,33,020033,24,9
318,20,33,020033,24,10
319,20,34,020034,22,10
320,20,34,020034,22,11
321,20,34,020034,23,10
322,20,34,020034,23,11
323,20,34,020034,24,10
324,20,34,020034,24,11
325,20,35,020035,22,11
326,20,35,020035,22,12
327,20,35,020035,23,11
328,20,35,020035,23,12
329,20,35,020035,24,11
330,20,36,020036,22,12
331,20,36,020036,22,13
332,20,36,020036,23,12
333,20,36,020036,23,13
334,20,37,020037,22,13
335,20,37,020037,22,14
336,20,37,020037,23,13
337,20,37,020037,23,14
338,20,38,020038,22,14
339,20,38,020038,22,15
340,20,38,020038,23,14
341,20,38,020038,23,15
342,20,39,020039,22,15
343,20,39,020039,22,16
344,20,39,020039,22,17
345,20,39,020039,23,15
346,20,39,020039,23,16
347,20,39,020039,23,17
348,20,40,020040,21,17
349,20,40,020040,21,18
350,20,40,020040,22,16
351,20,40,020040,22,17
352,20,40,020040,22,18
353,20,40,020040,23,17
354,20,40,020040,23,18
355,20,41,020041,21,18
356,20,41,020041,21,19
357,20,41,020041,22,18
358,20,41,020041,22,19
359,20,41,020041,23,18
360,20,41,020041,23,19
361,20,42,020042,21,19
362,20,42,020042,21,20
363,20,42,020042,22,19
364,20,42,020042,22,20
365,20,42,020042,23,19
366,20,43,020043,21,20
367,20,43,020043,22,20
368,20,43,020043,22,21
369,20,43,020043,21,21
370,20,44,020044,22,21
371,20,44,020044,21,21
372,36,23,036023,12,0
373,36,23,036023,13,0
374,36,24,036024,12,0
375,36,24,036024,12,1
376,36,24,036024,13,0
377,36,24,036024,13,1
378,36,25,036025,11,1
379,36,25,036025,11,2
380,36,25,036025,12,0
381,36,25,036025,12,1
382,36,25,036025,12,2
383,36,25,036025,13,1
384,36,25,036025,13,2
385,36,26,036026,11,1
386,36,26,036026,11,2
387,36,26,036026,11,3
388,36,26,036026,12,2
389,36,26,036026,12,3
390,36,26,036026,13,2
391,36,27,036027,11,2
392,36,27,036027,11,3
393,36,27,036027,11,4
394,36,27,036027,12,3
395,36,27,036027,12,4
396,36,28,036028,10,4
397,36,28,036028,10,5
398,36,28,036028,11,3
399,36,28,036028,11,4
400,36,28,036028,11,5
401,36,28,036028,12,4
402,36,28,036028,12,5
403,36,29,036029,10,4
404,36,29,036029,10,5
405,36,29,036029,10,6
406,36,29,036029,11,5
407,36,29,036029,11,6
408,36,30,036030,9,6
409,36,30,036030,9,7
410,36,30,036030,10,6
411,36,30,036030,10,7
412,36,30,036030,11,6
413,36,30,036030,11,7
414,36,31,036031,9,7
415,36,31,036031,9,8
416,36,31,036031,10,7
417,36,31,036031,10,8
418,36,31,036031,11,7
419,36,32,036032,9,8
420,36,32,036032,9,9
421,36,32,036032,10,8
422,36,32,036032,10,9
423,36,33,036033,8,9
424,36,33,036033,8,10
425,36,33,036033,9,9
426,36,33,036033,9,10
427,36,33,036033,10,9
428,36,33,036033,10,10
429,36,34,036034,8,10
430,36,34,036034,8,11
431,36,34,036034,9,10
432,36,34,036034,9,11
433,36,35,036035,7,11
434,36,35,036035,7,12
435,36,35,036035,8,11
436,36,35,036035,8,12
437,36,35,036035,9,11
438,36,35,036035,9,12
439,36,36,036036,7,12
440,36,36,036036,7,13
441,36,36,036036,8,12
442,36,36,036036,8,13
443,36,36,036036,9,12
444,36,37,036037,7,13
445,36,37,036037,7,14
446,36,37,036037,8,13
447,36,37,036037,8,14
448,36,38,036038,6,14
449,36,38,036038,6,15
450,36,38,036038,7,14
451,36,38,036038,7,15
452,36,38,036038,8,14
453,36,38,036038,8,15
454,36,39,036039,6,15
455,36,39,036039,6,16
456,36,39,036039,7,15
457,36,39,036039,7,16
458,36,40,036040,5,16
459,36,40,036040,5,17
460,36,40,036040,6,16
461,36,40,036040,6,17
462,36,40,036040,7,16
463,36,40,036040,7,17
464,36,41,036041,5,17
465,36,41,036041,5,18
466,36,41,036041,6,17
467,36,41,036041,6,18
468,36,41,036041,7,17
469,36,42,036042,4,19
470,36,42,036042,5,18
471,36,42,036042,5,19
472,36,42,036042,6,18
473,36,42,036042,6,19
474,36,43,036043,4,19
475,36,43,036043,4,20
476,36,43,036043,5,19
477,36,43,036043,5,20
478,36,43,036043,6,19
479,36,43,036043,6,20
480,36,44,036044,4,20
481,36,44,036044,5,20
482,36,44,036044,5,21
483,36,44,036044,4,21
484,36,45,036045,5,21
485,36,45,036045,4,21
486,36,45,036045,3,21
487,52,26,052026,1,0
488,52,26,052026,0,0
489,52,27,052027,0,0
490,52,27,052027,0,1
491,11,25,011025,30,0
492,11,25,011025,31,0
493,11,26,011026,30,1
494,11,26,011026,31,1
495,11,26,011026,30,0
496,11,26,011026,31,0
497,11,27,011027,30,2
498,11,27,011027,30,1
499,11,27,011027,31,2
500,11,27,011027,31,1
501,11,28,011028,30,3
502,11,28,011028,30,2
503,11,28,011028,31,3
504,11,28,011028,31,2
505,11,29,011029,30,4
506,11,29,011029,30,3
507,11,29,011029,31,4
508,11,29,011029,31,3
509,11,30,011030,30,5
510,11,30,011030,30,4
511,11,30,011030,31,5
512,11,30,011030,31,4
513,11,31,011031,30,6
514,11,31,011031,31,6
515,11,31,011031,30,5
516,11,31,011031,31,5
517,11,32,011032,30,7
518,11,32,011032,30,6
519,11,32,011032,31,7
520,11,32,011032,31,6
521,11,32,011032,32,7
522,11,33,011033,30,9
523,11,33,011033,30,8
524,11,33,011033,30,7
525,11,33,011033,31,9
526,11,33,011033,31,8
527,11,33,011033,31,7
528,11,33,011033,32,8
529,11,33,011033,32,7
530,11,34,011034,30,10
531,11,34,011034,31,10
532,11,34,011034,32,10
533,11,34,011034,30,9
534,11,34,011034,30,8
535,11,34,011034,31,9
536,11,34,011034,31,8
537,11,34,011034,32,9
538,11,34,011034,32,8
539,11,35,011035,30,11
540,11,35,011035,30,10
541,11,35,011035,31,11
542,11,35,011035,31,10
543,11,35,011035,32,11
544,11,35,011035,32,10
545,11,35,011035,31,9
546,11,35,011035,32,9
547,11,36,011036,30,12
548,11,36,011036,31,12
549,11,36,011036,32,12
550,11,36,011036,30,11
551,11,36,011036,31,11
552,11,36,011036,32,11
553,11,37,011037,30,13
554,11,37,011037,31,13
555,11,37,011037,32,13
556,11,37,011037,30,12
557,11,37,011037,31,12
558,11,37,011037,32,12
559,11,38,011038,30,14
560,11,38,011038,31,14
561,11,38,011038,32,14
562,11,38,011038,30,13
563,11,38,011038,31,13
564,11,38,011038,32,13
565,11,39,011039,30,15
566,11,39,011039,31,15
567,11,39,011039,32,15
568,11,39,011039,30,14
569,11,39,011039,31,14
570,11,39,011039,32,14
571,11,40,011040,30,16
572,11,40,011040,31,16
573,11,40,011040,32,16
574,11,40,011040,30,15
575,11,40,011040,31,15
576,11,40,011040,32,15
577,11,41,011041,30,17
578,11,41,011041,31,17
579,11,41,011041,32,17
580,11,41,011041,30,16
581,11,41,011041,31,16
582,11,41,011041,32,16
583,11,42,011042,31,18
584,11,42,011042,32,18
585,11,42,011042,31,17
586,11,42,011042,32,17
587,11,43,011043,31,19
588,11,43,011043,32,19
589,11,43,011043,31,18
590,11,43,011043,32,18
591,11,44,011044,30,20
592,11,44,011044,31,20
593,11,44,011044,32,20
594,11,44,011044,31,21
595,11,44,011044,30,21
596,11,44,011044,31,19
597,11,44,011044,32,19
598,11,45,011045,30,20
599,11,45,011045,31,20
600,11,45,011045,32,21
601,11,45,011045,32,20
602,11,45,011045,31,21
603,11,45,011045,30,21
604,11,46,011046,32,21
605,11,46,011046,31,21
606,27,23,027023,19,0
607,27,23,027023,20,0
608,27,24,027024,18,0
609,27,24,027024,18,1
610,27,24,027024,19,0
611,27,24,027024,19,1
612,27,24,027024,20,0
613,27,24,027024,20,1
614,27,25,027025,18,1
615,27,25,027025,18,2
616,27,25,027025,19,1
617,27,25,027025,19,2
618,27,25,027025,20,1
619,27,26,027026,18,2
620,27,26,027026,18,3
621,27,26,027026,19,2
622,27,26,027026,19,3
623,27,27,027027,18,3
624,27,27,027027,18,4
625,27,27,027027,19,3
626,27,27,027027,19,4
627,27,28,027028,17,5
628,27,28,027028,18,4
629,27,28,027028,18,5
630,27,28,027028,19,4
631,27,28,027028,19,5
632,27,29,027029,17,5
633,27,29,027029,17,6
634,27,29,027029,18,5
635,27,29,027029,18,6
636,27,29,027029,19,5
637,27,29,027029,19,6
638,27,30,027030,17,6
639,27,30,027030,17,7
640,27,30,027030,18,6
641,27,30,027030,18,7
642,27,31,027031,17,7
643,27,31,027031,17,8
644,27,31,027031,18,7
645,27,31,027031,18,8
646,27,32,027032,16,9
647,27,32,027032,17,8
648,27,32,027032,17,9
649,27,32,027032,18,8
650,27,32,027032,18,9
651,27,33,027033,16,9
652,27,33,027033,16,10
653,27,33,027033,17,9
654,27,33,027033,17,10
655,27,33,027033,17,11
656,27,33,027033,18,9
657,27,33,027033,18,10
658,27,34,027034,16,10
659,27,34,027034,16,11
660,27,34,027034,17,10
661,27,34,027034,17,11
662,27,34,027034,17,12
663,27,35,027035,16,11
664,27,35,027035,16,12
665,27,35,027035,16,13
666,27,35,027035,17,11
667,27,35,027035,17,12
668,27,35,027035,17,13
669,27,36,027036,15,13
670,27,36,027036,16,12
671,27,36,027036,16,13
672,27,36,027036,16,14
673,27,36,027036,17,13
674,27,36,027036,17,14
675,27,37,027037,15,13
676,27,37,027037,15,14
677,27,37,027037,15,15
678,27,37,027037,16,13
679,27,37,027037,16,14
680,27,37,027037,16,15
681,27,37,027037,17,14
682,27,38,027038,15,14
683,27,38,027038,15,15
684,27,38,027038,15,16
685,27,38,027038,16,15
686,27,38,027038,16,16
687,27,39,027039,15,16
688,27,39,027039,15,17
689,27,39,027039,16,16
690,27,39,027039,16,17
691,27,40,027040,14,17
692,27,40,027040,14,18
693,27,40,027040,15,17
694,27,40,027040,15,18
695,27,40,027040,16,17
696,27,40,027040,16,18
697,27,41,027041,14,18
698,27,41,027041,14,19
699,27,41,027041,15,18
700,27,41,027041,15,19
701,27,41,027041,16,18
702,27,42,027042,14,19
703,27,42,027042,14,20
704,27,42,027042,15,19
705,27,42,027042,15,20
706,27,43,027043,14,20
707,27,43,027043,15,20
708,27,43,027043,15,21
709,27,43,027043,14,21
710,27,44,027044,15,21
711,27,44,027044,14,21
712,27,44,027044,13,21
713,43,24,043024,7,0
714,43,24,043024,8,0
715,43,25,043025,6,0
716,43,25,043025,6,1
717,43,25,043025,7,0
718,43,25,043025,7,1
719,43,25,043025,8,0
720,43,25,043025,8,1
721,43,26,043026,6,1
722,43,26,043026,6,2
723,43,26,043026,7,1
724,43,26,043026,7,2
725,43,27,043027,5,2
726,43,27,043027,5,3
727,43,27,043027,6,2
728,43,27,043027,6,3
729,43,27,043027,7,2
730,43,27,043027,7,3
731,43,28,043028,5,2
732,43,28,043028,5,3
733,43,28,043028,5,4
734,43,28,043028,6,3
735,43,28,043028,6,4
736,43,29,043029,4,4
737,43,29,043029,4,5
738,43,29,043029,5,3
739,43,29,043029,5,4
740,43,29,043029,5,5
741,43,29,043029,6,4
742,43,30,043030,4,4
743,43,30,043030,4,5
744,43,30,043030,4,6
745,43,30,043030,5,5
746,43,30,043030,5,6
747,43,31,043031,3,6
748,43,31,043031,3,7
749,43,31,043031,4,5
750,43,31,043031,4,6
751,43,31,043031,4,7
752,43,31,043031,5,6
753,43,32,043032,3,6
754,43,32,043032,3,7
755,43,32,043032,3,8
756,43,32,043032,4,7
757,43,32,043032,4,8
758,43,33,043033,2,8
759,43,33,043033,2,9
760,43,33,043033,3,7
761,43,33,043033,3,8
762,43,33,043033,3,9
763,43,33,043033,4,8
764,43,34,043034,2,8
765,43,34,043034,2,9
766,43,34,043034,2,10
767,43,34,043034,3,8
768,43,34,043034,3,9
769,43,34,043034,3,10
770,43,35,043035,2,9
771,43,35,043035,2,10
772,43,35,043035,2,11
773,43,35,043035,3,10
774,43,35,043035,1,9
775,43,35,043035,1,10
776,43,36,043036,2,10
777,43,36,043036,2,11
778,43,36,043036,2,12
779,43,36,043036,1,10
780,43,36,043036,1,11
781,43,36,043036,1,12
782,43,37,043037,2,12
783,43,37,043037,1,11
784,43,37,043037,0,11
785,43,37,043037,1,12
786,43,37,043037,0,12
787,43,37,043037,1,13
788,43,38,043038,1,12
789,43,38,043038,0,12
790,43,38,043038,1,13
791,43,38,043038,0,13
792,43,38,043038,1,14
793,43,38,043038,0,14
794,43,39,043039,0,13
795,43,39,043039,1,14
796,43,39,043039,0,14
797,43,39,043039,0,15
798,43,40,043040,0,14
799,43,40,043040,0,15
800,43,40,043040,0,16
801,43,41,043041,0,16
802,18,24,018024,25,0
803,18,24,018024,26,0
804,18,25,018025,25,0
805,18,25,018025,25,1
806,18,25,018025,26,0
807,18,25,018025,26,1
808,18,26,018026,25,1
809,18,26,018026,25,2
810,18,26,018026,26,1
811,18,26,018026,26,2
812,18,27,018027,25,2
813,18,27,018027,25,3
814,18,27,018027,26,2
815,18,27,018027,26,3
816,18,28,018028,25,3
817,18,28,018028,25,4
818,18,28,018028,26,3
819,18,28,018028,26,4
820,18,29,018029,25,4
821,18,29,018029,25,5
822,18,29,018029,26,4
823,18,29,018029,26,5
824,18,30,018030,24,6
825,18,30,018030,25,5
826,18,30,018030,25,6
827,18,30,018030,25,7
828,18,30,018030,26,5
829,18,30,018030,26,6
830,18,30,018030,26,7
831,18,31,018031,24,6
832,18,31,018031,24,7
833,18,31,018031,24,8
834,18,31,018031,25,6
835,18,31,018031,25,7
836,18,31,018031,25,8
837,18,31,018031,26,6
838,18,31,018031,26,7
839,18,31,018031,26,8
840,18,32,018032,24,8
841,18,32,018032,24,9
842,18,32,018032,25,8
843,18,32,018032,25,9
844,18,32,018032,26,8
845,18,32,018032,26,9
846,18,33,018033,24,9
847,18,33,018033,24,10
848,18,33,018033,25,9
849,18,33,018033,25,10
850,18,33,018033,26,9
851,18,34,018034,24,10
852,18,34,018034,24,11
853,18,34,018034,25,10
854,18,34,018034,25,11
855,18,35,018035,24,11
856,18,35,018035,24,12
857,18,35,018035,25,11
858,18,35,018035,25,12
859,18,36,018036,24,12
860,18,36,018036,24,13
861,18,36,018036,25,12
862,18,36,018036,25,13
863,18,37,018037,24,13
864,18,37,018037,24,14
865,18,37,018037,25,13
866,18,37,018037,25,14
867,18,38,018038,24,14
868,18,38,018038,24,15
869,18,38,018038,25,14
870,18,38,018038,25,15
871,18,39,018039,24,15
872,18,39,018039,24,16
873,18,39,018039,25,15
874,18,39,018039,25,16
875,18,40,018040,24,16
876,18,40,018040,24,17
877,18,40,018040,25,16
878,18,40,018040,25,17
879,18,41,018041,23,17
880,18,41,018041,23,18
881,18,41,018041,24,17
882,18,41,018041,24,18
883,18,41,018041,24,19
884,18,41,018041,25,17
885,18,41,018041,25,18
886,18,41,018041,25,19
887,18,42,018042,23,18
888,18,42,018042,23,19
889,18,42,018042,23,20
890,18,42,018042,24,18
891,18,42,018042,24,19
892,18,42,018042,24,20
893,18,42,018042,25,18
894,18,42,018042,25,19
895,18,42,018042,25,20
896,18,43,018043,23,19
897,18,43,018043,23,20
898,18,43,018043,24,19
899,18,43,018043,24,20
900,18,43,018043,25,20
901,18,43,018043,24,21
902,18,43,018043,23,21
903,18,44,018044,24,21
904,18,44,018044,23,21
905,34,23,034023,14,0
906,34,23,034023,15,0
907,34,24,034024,13,0
908,34,24,034024,13,1
909,34,24,034024,14,0
910,34,24,034024,14,1
911,34,24,034024,15,0
912,34,24,034024,15,1
913,34,25,034025,13,1
914,34,25,034025,13,2
915,34,25,034025,14,1
916,34,25,034025,14,2
917,34,26,034026,12,3
918,34,26,034026,13,2
919,34,26,034026,13,3
920,34,26,034026,14,2
921,34,26,034026,14,3
922,34,27,034027,12,3
923,34,27,034027,12,4
924,34,27,034027,13,3
925,34,27,034027,13,4
926,34,27,034027,14,3
927,34,27,034027,14,4
928,34,28,034028,12,4
929,34,28,034028,12,5
930,34,28,034028,13,4
931,34,28,034028,13,5
932,34,29,034029,11,6
933,34,29,034029,12,5
934,34,29,034029,12,6
935,34,29,034029,13,5
936,34,29,034029,13,6
937,34,30,034030,11,6
938,34,30,034030,11,7
939,34,30,034030,12,6
940,34,30,034030,12,7
941,34,30,034030,13,6
942,34,31,034031,11,7
943,34,31,034031,11,8
944,34,31,034031,12,7
945,34,31,034031,12,8
946,34,32,034032,10,8
947,34,32,034032,10,9
948,34,32,034032,11,8
949,34,32,034032,11,9
950,34,32,034032,12,8
951,34,32,034032,12,9
952,34,33,034033,10,9
953,34,33,034033,10,10
954,34,33,034033,11,9
955,34,33,034033,11,10
956,34,33,034033,12,9
957,34,34,034034,10,10
958,34,34,034034,10,11
959,34,34,034034,11,10
960,34,34,034034,11,11
961,34,35,034035,9,11
962,34,35,034035,9,12
963,34,35,034035,10,11
964,34,35,034035,10,12
965,34,35,034035,11,11
966,34,35,034035,11,12
967,34,36,034036,9,12
968,34,36,034036,9,13
969,34,36,034036,10,12
970,34,36,034036,10,13
971,34,37,034037,8,14
972,34,37,034037,9,13
973,34,37,034037,9,14
974,34,37,034037,10,13
975,34,37,034037,10,14
976,34,38,034038,8,14
977,34,38,034038,8,15
978,34,38,034038,9,14
979,34,38,034038,9,15
980,34,38,034038,10,14
981,34,38,034038,10,15
982,34,39,034039,8,15
983,34,39,034039,8,16
984,34,39,034039,9,15
985,34,39,034039,9,16
986,34,40,034040,7,17
987,34,40,034040,8,16
988,34,40,034040,8,17
989,34,40,034040,9,16
990,34,40,034040,9,17
991,34,41,034041,7,17
992,34,41,034041,7,18
993,34,41,034041,8,17
994,34,41,034041,8,18
995,34,41,034041,9,17
996,34,42,034042,7,18
997,34,42,034042,7,19
998,34,42,034042,8,18
999,34,42,034042,8,19
1000,34,43,034043,6,19
1001,34,43,034043,6,20
1002,34,43,034043,7,19
1003,34,43,034043,7,20
1004,34,43,034043,8,19
1005,34,43,034043,8,20
1006,34,44,034044,6,20
1007,34,44,034044,7,20
1008,34,44,034044,7,21
1009,34,44,034044,6,21
1010,34,45,034045,7,21
1011,34,45,034045,6,21
1012,50,25,050025,2,0
1013,50,26,050026,2,0
1014,50,26,050026,2,1
1015,50,26,050026,1,0
1016,50,26,050026,0,0
1017,50,26,050026,1,1
1018,50,27,050027,2,1
1019,50,27,050027,1,0
1020,50,27,050027,0,0
1021,50,27,050027,0,1
1022,50,27,050027,1,1
1023,50,27,050027,1,2
1024,50,28,050028,0,1
1025,50,28,050028,1,1
1026,50,28,050028,1,2
1027,50,28,050028,0,2
1028,50,29,050029,0,2
1029,50,29,050029,0,3
1030,50,30,050030,0,3
1031,50,30,050030,0,4
1032,9,26,009026,31,0
1033,9,26,009026,32,0
1034,9,27,009027,32,2
1035,9,27,009027,32,1
1036,9,27,009027,32,0
1037,9,28,009028,32,3
1038,9,28,009028,32,2
1039,9,28,009028,32,1
1040,9,29,009029,32,4
1041,9,29,009029,32,3
1042,9,29,009029,32,2
1043,9,30,009030,32,5
1044,9,30,009030,32,4
1045,9,31,009031,32,6
1046,9,31,009031,32,5
1047,9,32,009032,32,7
1048,9,32,009032,32,6
1049,9,33,009033,32,8
1050,9,33,009033,32,7
1051,9,34,009034,32,9
1052,9,34,009034,32,8
1053,9,35,009035,32,10
1054,9,35,009035,32,9
1055,9,36,009036,32,11
1056,9,36,009036,32,10
1057,9,37,009037,32,12
1058,9,37,009037,32,11
1059,9,38,009038,32,14
1060,9,38,009038,32,13
1061,9,38,009038,32,12
1062,9,39,009039,32,15
1063,9,39,009039,32,14
1064,9,39,009039,32,13
1065,9,40,009040,32,16
1066,9,40,009040,32,15
1067,9,41,009041,32,17
1068,9,41,009041,32,16
1069,25,23,025023,20,0
1070,25,23,025023,21,0
1071,25,24,025024,20,0
1072,25,24,025024,20,1
1073,25,24,025024,21,0
1074,25,24,025024,21,1
1075,25,25,025025,20,1
1076,25,25,025025,20,2
1077,25,25,025025,21,1
1078,25,25,025025,21,2
1079,25,26,025026,19,2
1080,25,26,025026,19,3
1081,25,26,025026,20,2
1082,25,26,025026,20,3
1083,25,26,025026,21,2
1084,25,26,025026,21,3
1085,25,27,025027,19,3
1086,25,27,025027,19,4
1087,25,27,025027,20,3
1088,25,27,025027,20,4
1089,25,27,025027,21,3
1090,25,27,025027,21,4
1091,25,28,025028,19,4
1092,25,28,025028,19,5
1093,25,28,025028,20,4
1094,25,28,025028,20,5
1095,25,29,025029,19,5
1096,25,29,025029,19,6
1097,25,29,025029,20,5
1098,25,29,025029,20,6
1099,25,30,025030,19,6
1100,25,30,025030,19,7
1101,25,30,025030,20,6
1102,25,30,025030,20,7
1103,25,31,025031,18,8
1104,25,31,025031,19,7
1105,25,31,025031,19,8
1106,25,31,025031,20,7
1107,25,31,025031,20,8
1108,25,32,025032,18,8
1109,25,32,025032,18,9
1110,25,32,025032,19,8
1111,25,32,025032,19,9
1112,25,32,025032,20,8
1113,25,32,025032,20,9
1114,25,33,025033,18,9
1115,25,33,025033,18,10
1116,25,33,025033,19,9
1117,25,33,025033,19,10
1118,25,34,025034,18,10
1119,25,34,025034,18,11
1120,25,34,025034,19,10
1121,25,34,025034,19,11
1122,25,34,025034,19,12
1123,25,35,025035,18,11
1124,25,35,025035,18,12
1125,25,35,025035,18,13
1126,25,35,025035,19,11
1127,25,35,025035,19,12
1128,25,35,025035,19,13
1129,25,36,025036,17,13
1130,25,36,025036,17,14
1131,25,36,025036,18,12
1132,25,36,025036,18,13
1133,25,36,025036,18,14
1134,25,36,025036,19,13
1135,25,36,025036,19,14
1136,25,37,025037,17,13
1137,25,37,025037,17,14
1138,25,37,025037,17,15
1139,25,37,025037,18,13
1140,25,37,025037,18,14
1141,25,37,025037,18,15
1142,25,37,025037,19,14
1143,25,38,025038,17,15
1144,25,38,025038,17,16
1145,25,38,025038,18,15
1146,25,38,025038,18,16
1147,25,39,025039,17,16
1148,25,39,025039,17,17
1149,25,39,025039,18,16
1150,25,39,025039,18,17
1151,25,40,025040,16,17
1152,25,40,025040,16,18
1153,25,40,025040,17,17
1154,25,40,025040,17,18
1155,25,40,025040,18,17
1156,25,40,025040,18,18
1157,25,41,025041,16,18
1158,25,41,025041,16,19
1159,25,41,025041,17,18
1160,25,41,025041,17,19
1161,25,41,025041,18,18
1162,25,41,025041,18,19
1163,25,42,025042,16,19
1164,25,42,025042,16,20
1165,25,42,025042,17,19
1166,25,42,025042,17,20
1167,25,43,025043,16,20
1168,25,43,025043,17,20
1169,25,43,025043,17,21
1170,25,43,025043,16,21
1171,25,44,025044,17,21
1172,25,44,025044,16,21
1173,41,23,041023,10,0
1174,41,24,041024,8,0
1175,41,24,041024,9,0
1176,41,24,041024,10,0
1177,41,25,041025,8,0
1178,41,25,041025,8,1
1179,41,25,041025,9,0
1180,41,25,041025,9,1
1181,41,26,041026,7,1
1182,41,26,041026,7,2
1183,41,26,041026,8,1
1184,41,26,041026,8,2
1185,41,26,041026,9,1
1186,41,26,041026,9,2
1187,41,27,041027,7,2
1188,41,27,041027,7,3
1189,41,27,041027,8,2
1190,41,27,041027,8,3
1191,41,28,041028,6,3
1192,41,28,041028,6,4
1193,41,28,041028,7,3
1194,41,28,041028,7,4
1195,41,28,041028,8,3
1196,41,28,041028,8,4
1197,41,29,041029,6,4
1198,41,29,041029,6,5
1199,41,29,041029,7,4
1200,41,29,041029,7,5
1201,41,30,041030,5,5
1202,41,30,041030,5,6
1203,41,30,041030,6,5
1204,41,30,041030,6,6
1205,41,30,041030,7,5
1206,41,30,041030,7,6
1207,41,31,041031,5,6
1208,41,31,041031,5,7
1209,41,31,041031,6,6
1210,41,31,041031,6,7
1211,41,32,041032,4,7
1212,41,32,041032,4,8
1213,41,32,041032,5,7
1214,41,32,041032,5,8
1215,41,32,041032,6,7
1216,41,32,041032,6,8
1217,41,33,041033,4,8
1218,41,33,041033,4,9
1219,41,33,041033,5,8
1220,41,33,041033,5,9
1221,41,34,041034,3,9
1222,41,34,041034,3,10
1223,41,34,041034,4,9
1224,41,34,041034,4,10
1225,41,34,041034,5,9
1226,41,34,041034,5,10
1227,41,35,041035,3,10
1228,41,35,041035,3,11
1229,41,35,041035,4,10
1230,41,35,041035,4,11
1231,41,36,041036,2,11
1232,41,36,041036,2,12
1233,41,36,041036,3,11
1234,41,36,041036,3,12
1235,41,36,041036,4,11
1236,41,36,041036,4,12
1237,41,37,041037,2,12
1238,41,37,041037,2,13
1239,41,37,041037,3,12
1240,41,37,041037,3,13
1241,41,37,041037,4,12
1242,41,38,041038,2,13
1243,41,38,041038,2,14
1244,41,38,041038,3,13
1245,41,38,041038,3,14
1246,41,38,041038,1,13
1247,41,38,041038,1,14
1248,41,39,041039,2,14
1249,41,39,041039,2,15
1250,41,39,041039,3,14
1251,41,39,041039,1,14
1252,41,39,041039,1,15
1253,41,40,041040,2,15
1254,41,40,041040,2,16
1255,41,40,041040,1,15
1256,41,40,041040,1,16
1257,41,40,041040,0,15
1258,41,40,041040,0,16
1259,41,41,041041,2,16
1260,41,41,041041,1,16
1261,41,41,041041,1,17
1262,41,41,041041,0,16
1263,41,41,041041,0,17
1264,41,42,041042,1,17
1265,41,42,041042,1,18
1266,41,42,041042,0,17
1267,41,42,041042,0,18
1268,41,43,041043,1,18
1269,41,43,041043,0,18
1270,41,43,041043,0,19
1271,41,44,041044,0,19
1272,41,44,041044,0,20
1273,41,45,041045,0,20
1274,16,24,016024,26,0
1275,16,24,016024,27,0
1276,16,24,016024,28,0
1277,16,25,016025,26,0
1278,16,25,016025,26,1
1279,16,25,016025,27,0
1280,16,25,016025,27,1
1281,16,25,016025,28,0
1282,16,25,016025,28,1
1283,16,26,016026,26,1
1284,16,26,016026,26,2
1285,16,26,016026,27,1
1286,16,26,016026,27,2
1287,16,26,016026,28,1
1288,16,26,016026,28,2
1289,16,27,016027,26,2
1290,16,27,016027,26,3
1291,16,27,016027,27,2
1292,16,27,016027,27,3
1293,16,27,016027,28,2
1294,16,27,016027,28,3
1295,16,28,016028,26,3
1296,16,28,016028,26,4
1297,16,28,016028,27,3
1298,16,28,016028,27,4
1299,16,29,016029,26,4
1300,16,29,016029,26,5
1301,16,29,016029,27,4
1302,16,29,016029,27,5
1303,16,30,016030,26,5
1304,16,30,016030,26,6
1305,16,30,016030,27,5
1306,16,30,016030,27,6
1307,16,31,016031,26,6
1308,16,31,016031,26,7
1309,16,31,016031,27,6
1310,16,31,016031,27,7
1311,16,32,016032,26,7
1312,16,32,016032,26,8
1313,16,32,016032,27,7
1314,16,32,016032,27,8
1315,16,33,016033,26,8
1316,16,33,016033,26,9
1317,16,33,016033,27,8
1318,16,33,016033,27,9
1319,16,34,016034,26,9
1320,16,34,016034,26,10
1321,16,34,016034,26,11
1322,16,34,016034,27,9
1323,16,34,016034,27,10
1324,16,34,016034,27,11
1325,16,35,016035,26,11
1326,16,35,016035,26,12
1327,16,35,016035,27,11
1328,16,35,016035,27,12
1329,16,36,016036,26,12
1330,16,36,016036,26,13
1331,16,36,016036,27,12
1332,16,36,016036,27,13
1333,16,37,016037,26,13
1334,16,37,016037,26,14
1335,16,37,016037,27,13
1336,16,37,016037,27,14
1337,16,38,016038,26,14
1338,16,38,016038,26,15
1339,16,38,016038,27,14
1340,16,38,016038,27,15
1341,16,39,016039,26,15
1342,16,39,016039,26,16
1343,16,39,016039,27,15
1344,16,39,016039,27,16
1345,16,40,016040,26,16
1346,16,40,016040,26,17
1347,16,40,016040,27,16
1348,16,40,016040,27,17
1349,16,41,016041,25,17
1350,16,41,016041,25,18
1351,16,41,016041,26,17
1352,16,41,016041,26,18
1353,16,41,016041,27,17
1354,16,41,016041,27,18
1355,16,42,016042,25,18
1356,16,42,016042,25,19
1357,16,42,016042,26,18
1358,16,42,016042,26,19
1359,16,42,016042,27,18
1360,16,42,016042,27,19
1361,16,43,016043,25,19
1362,16,43,016043,25,20
1363,16,43,016043,26,19
1364,16,43,016043,26,20
1365,16,43,016043,27,19
1366,16,43,016043,27,20
1367,16,44,016044,25,20
1368,16,44,016044,26,20
1369,16,44,016044,27,20
1370,16,44,016044,27,21
1371,16,44,016044,26,21
1372,16,44,016044,25,21
1373,16,45,016045,26,21
1374,16,45,016045,25,21
1375,32,23,032023,15,0
1376,32,23,032023,16,0
1377,32,24,032024,15,0
1378,32,24,032024,15,1
1379,32,24,032024,16,0
1380,32,24,032024,16,1
1381,32,25,032025,14,1
1382,32,25,032025,14,2
1383,32,25,032025,15,1
1384,32,25,032025,15,2
1385,32,25,032025,16,1
1386,32,25,032025,16,2
1387,32,26,032026,14,2
1388,32,26,032026,14,3
1389,32,26,032026,15,2
1390,32,26,032026,15,3
1391,32,26,032026,16,2
1392,32,27,032027,14,3
1393,32,27,032027,14,4
1394,32,27,032027,15,3
1395,32,27,032027,15,4
1396,32,28,032028,13,4
1397,32,28,032028,13,5
1398,32,28,032028,14,4
1399,32,28,032028,14,5
1400,32,28,032028,15,4
1401,32,28,032028,15,5
1402,32,29,032029,13,5
1403,32,29,032029,13,6
1404,32,29,032029,14,5
1405,32,29,032029,14,6
1406,32,29,032029,15,5
1407,32,30,032030,13,6
1408,32,30,032030,13,7
1409,32,30,032030,14,6
1410,32,30,032030,14,7
1411,32,31,032031,12,8
1412,32,31,032031,13,7
1413,32,31,032031,13,8
1414,32,31,032031,14,7
1415,32,31,032031,14,8
1416,32,32,032032,12,8
1417,32,32,032032,12,9
1418,32,32,032032,13,8
1419,32,32,032032,13,9
1420,32,32,032032,14,8
1421,32,32,032032,14,9
1422,32,33,032033,12,9
1423,32,33,032033,12,10
1424,32,33,032033,13,9
1425,32,33,032033,13,10
1426,32,34,032034,11,11
1427,32,34,032034,12,10
1428,32,34,032034,12,11
1429,32,34,032034,13,10
1430,32,34,032034,13,11
1431,32,35,032035,11,11
1432,32,35,032035,11,12
1433,32,35,032035,12,11
1434,32,35,032035,12,12
1435,32,35,032035,13,11
1436,32,35,032035,13,12
1437,32,36,032036,11,12
1438,32,36,032036,11,13
1439,32,36,032036,12,12
1440,32,36,032036,12,13
1441,32,36,032036,12,14
1442,32,37,032037,10,14
1443,32,37,032037,11,13
1444,32,37,032037,11,14
1445,32,37,032037,11,15
1446,32,37,032037,12,13
1447,32,37,032037,12,14
1448,32,37,032037,12,15
1449,32,38,032038,10,14
1450,32,38,032038,10,15
1451,32,38,032038,11,14
1452,32,38,032038,11,15
1453,32,38,032038,11,16
1454,32,38,032038,12,14
1455,32,38,032038,12,15
1456,32,39,032039,10,15
1457,32,39,032039,10,16
1458,32,39,032039,10,17
1459,32,39,032039,11,15
1460,32,39,032039,11,16
1461,32,39,032039,11,17
1462,32,40,032040,9,17
1463,32,40,032040,10,16
1464,32,40,032040,10,17
1465,32,40,032040,10,18
1466,32,40,032040,11,16
1467,32,40,032040,11,17
1468,32,40,032040,11,18
1469,32,41,032041,9,17
1470,32,41,032041,9,18
1471,32,41,032041,9,19
1472,32,41,032041,10,17
1473,32,41,032041,10,18
1474,32,41,032041,10,19
1475,32,41,032041,11,18
1476,32,42,032042,9,18
1477,32,42,032042,9,19
1478,32,42,032042,9,20
1479,32,42,032042,10,18
1480,32,42,032042,10,19
1481,32,42,032042,10,20
1482,32,43,032043,8,20
1483,32,43,032043,9,19
1484,32,43,032043,9,20
1485,32,43,032043,10,20
1486,32,43,032043,10,21
1487,32,43,032043,9,21
1488,32,44,032044,8,20
1489,32,44,032044,9,20
1490,32,44,032044,9,21
1491,32,44,032044,8,21
1492,32,45,032045,8,21
1493,48,25,048025,2,0
1494,48,25,048025,3,0
1495,48,25,048025,4,0
1496,48,26,048026,2,0
1497,48,26,048026,2,1
1498,48,26,048026,3,0
1499,48,26,048026,3,1
1500,48,26,048026,4,0
1501,48,27,048027,2,0
1502,48,27,048027,2,1
1503,48,27,048027,2,2
1504,48,27,048027,3,1
1505,48,27,048027,3,2
1506,48,27,048027,1,1
1507,48,27,048027,1,2
1508,48,28,048028,2,1
1509,48,28,048028,2,2
1510,48,28,048028,2,3
1511,48,28,048028,1,1
1512,48,28,048028,1,2
1513,48,28,048028,1,3
1514,48,29,048029,2,3
1515,48,29,048029,2,4
1516,48,29,048029,1,2
1517,48,29,048029,1,3
1518,48,29,048029,0,3
1519,48,29,048029,1,4
1520,48,30,048030,1,3
1521,48,30,048030,0,3
1522,48,30,048030,1,4
1523,48,30,048030,0,4
1524,48,30,048030,1,5
1525,48,30,048030,0,5
1526,48,31,048031,0,4
1527,48,31,048031,1,5
1528,48,31,048031,0,5
1529,48,31,048031,0,6
1530,48,32,048032,0,5
1531,48,32,048032,0,6
1532,48,32,048032,0,7
1533,48,33,048033,0,7
1534,23,23,023023,21,0
1535,23,23,023023,22,0
1536,23,23,023023,23,0
1537,23,24,023024,21,0
1538,23,24,023024,21,1
1539,23,24,023024,22,0
1540,23,24,023024,22,1
1541,23,24,023024,23,0
1542,23,24,023024,23,1
1543,23,25,023025,21,0
1544,23,25,023025,21,1
1545,23,25,023025,21,2
1546,23,25,023025,22,1
1547,23,25,023025,22,2
1548,23,25,023025,23,1
1549,23,26,023026,21,2
1550,23,26,023026,21,3
1551,23,26,023026,22,2
1552,23,26,023026,22,3
1553,23,27,023027,21,3
1554,23,27,023027,21,4
1555,23,27,023027,22,3
1556,23,27,023027,22,4
1557,23,28,023028,21,4
1558,23,28,023028,21,5
1559,23,28,023028,22,4
1560,23,28,023028,22,5
1561,23,29,023029,20,6
1562,23,29,023029,21,5
1563,23,29,023029,21,6
1564,23,29,023029,22,5
1565,23,29,023029,22,6
1566,23,30,023030,20,6
1567,23,30,023030,20,7
1568,23,30,023030,21,6
1569,23,30,023030,21,7
1570,23,30,023030,22,6
1571,23,30,023030,22,7
1572,23,31,023031,20,7
1573,23,31,023031,20,8
1574,23,31,023031,21,7
1575,23,31,023031,21,8
1576,23,31,023031,22,7
1577,23,32,023032,20,8
1578,23,32,023032,20,9
1579,23,32,023032,21,8
1580,23,32,023032,21,9
1581,23,33,023033,20,9
1582,23,33,023033,20,10
1583,23,33,023033,21,9
1584,23,33,023033,21,10
1585,23,34,023034,20,10
1586,23,34,023034,20,11
1587,23,34,023034,21,10
1588,23,34,023034,21,11
1589,23,35,023035,19,12
1590,23,35,023035,20,11
1591,23,35,023035,20,12
1592,23,35,023035,21,11
1593,23,35,023035,21,12
1594,23,35,023035,21,13
1595,23,36,023036,19,12
1596,23,36,023036,19,13
1597,23,36,023036,20,12
1598,23,36,023036,20,13
1599,23,36,023036,20,14
1600,23,36,023036,21,12
1601,23,36,023036,21,13
1602,23,37,023037,19,13
1603,23,37,023037,19,14
1604,23,37,023037,19,15
1605,23,37,023037,20,13
1606,23,37,023037,20,14
1607,23,37,023037,20,15
1608,23,38,023038,19,14
1609,23,38,023038,19,15
1610,23,38,023038,19,16
1611,23,38,023038,20,15
1612,23,38,023038,20,16
1613,23,39,023039,19,16
1614,23,39,023039,19,17
1615,23,39,023039,20,16
1616,23,39,023039,20,17
1617,23,40,023040,18,17
1618,23,40,023040,18,18
1619,23,40,023040,19,17
1620,23,40,023040,19,18
1621,23,40,023040,20,17
1622,23,40,023040,20,18
1623,23,41,023041,18,18
1624,23,41,023041,18,19
1625,23,41,023041,19,18
1626,23,41,023041,19,19
1627,23,41,023041,20,18
1628,23,41,023041,20,19
1629,23,42,023042,18,19
1630,23,42,023042,18,20
1631,23,42,023042,19,19
1632,23,42,023042,19,20
1633,23,43,023043,18,20
1634,23,43,023043,19,20
1635,23,43,023043,19,21
1636,23,43,023043,18,21
1637,23,44,023044,19,21
1638,23,44,023044,18,21
1639,39,23,039023,11,0
1640,39,24,039024,10,0
1641,39,24,039024,10,1
1642,39,24,039024,11,0
1643,39,24,039024,11,1
1644,39,25,039025,9,0
1645,39,25,039025,9,1
1646,39,25,039025,10,0
1647,39,25,039025,10,1
1648,39,25,039025,10,2
1649,39,25,039025,11,1
1650,39,26,039026,9,1
1651,39,26,039026,9,2
1652,39,26,039026,9,3
1653,39,26,039026,10,1
1654,39,26,039026,10,2
1655,39,26,039026,10,3
1656,39,27,039027,8,3
1657,39,27,039027,9,2
1658,39,27,039027,9,3
1659,39,27,039027,9,4
1660,39,27,039027,10,2
1661,39,27,039027,10,3
1662,39,28,039028,8,3
1663,39,28,039028,8,4
1664,39,28,039028,9,3
1665,39,28,039028,9,4
1666,39,28,039028,9,5
1667,39,29,039029,7,5
1668,39,29,039029,8,4
1669,39,29,039029,8,5
1670,39,29,039029,8,6
1671,39,29,039029,9,4
1672,39,29,039029,9,5
1673,39,29,039029,9,6
1674,39,30,039030,7,5
1675,39,30,039030,7,6
1676,39,30,039030,8,5
1677,39,30,039030,8,6
1678,39,30,039030,8,7
1679,39,30,039030,9,6
1680,39,31,039031,6,7
1681,39,31,039031,7,6
1682,39,31,039031,7,7
1683,39,31,039031,7,8
1684,39,31,039031,8,6
1685,39,31,039031,8,7
1686,39,31,039031,8,8
1687,39,32,039032,6,7
1688,39,32,039032,6,8
1689,39,32,039032,7,7
1690,39,32,039032,7,8
1691,39,32,039032,7,9
1692,39,32,039032,8,8
1693,39,33,039033,6,8
1694,39,33,039033,6,9
1695,39,33,039033,6,10
1696,39,33,039033,7,8
1697,39,33,039033,7,9
1698,39,33,039033,7,10
1699,39,34,039034,5,9
1700,39,34,039034,5,10
1701,39,34,039034,6,9
1702,39,34,039034,6,10
1703,39,34,039034,6,11
1704,39,34,039034,7,9
1705,39,34,039034,7,10
1706,39,35,039035,5,10
1707,39,35,039035,5,11
1708,39,35,039035,5,12
1709,39,35,039035,6,10
1710,39,35,039035,6,11
1711,39,35,039035,6,12
1712,39,36,039036,4,12
1713,39,36,039036,5,11
1714,39,36,039036,5,12
1715,39,36,039036,5,13
1716,39,36,039036,6,11
1717,39,36,039036,6,12
1718,39,37,039037,4,12
1719,39,37,039037,4,13
1720,39,37,039037,5,12
1721,39,37,039037,5,13
1722,39,37,039037,5,14
1723,39,38,039038,3,14
1724,39,38,039038,4,13
1725,39,38,039038,4,14
1726,39,38,039038,4,15
1727,39,38,039038,5,13
1728,39,38,039038,5,14
1729,39,39,039039,3,14
1730,39,39,039039,3,15
1731,39,39,039039,4,14
1732,39,39,039039,4,15
1733,39,39,039039,4,16
1734,39,40,039040,2,16
1735,39,40,039040,3,15
1736,39,40,039040,3,16
1737,39,40,039040,3,17
1738,39,40,039040,4,15
1739,39,40,039040,4,16
1740,39,40,039040,4,17
1741,39,41,039041,2,16
1742,39,41,039041,2,17
1743,39,41,039041,3,16
1744,39,41,039041,3,17
1745,39,41,039041,3,18
1746,39,41,039041,4,17
1747,39,42,039042,2,17
1748,39,42,039042,2,18
1749,39,42,039042,3,17
1750,39,42,039042,3,18
1751,39,42,039042,3,19
1752,39,42,039042,1,18
1753,39,43,039043,2,18
1754,39,43,039043,2,19
1755,39,43,039043,3,18
1756,39,43,039043,3,19
1757,39,43,039043,1,18
1758,39,43,039043,1,19
1759,39,44,039044,2,19
1760,39,44,039044,2,20
1761,39,44,039044,1,19
1762,39,44,039044,1,20
1763,39,44,039044,0,20
1764,39,45,039045,2,20
1765,39,45,039045,1,20
1766,39,45,039045,0,20
1767,39,45,039045,2,21
1768,39,45,039045,1,21
1769,39,45,039045,0,21
1770,39,46,039046,1,21
1771,39,46,039046,0,21
1772,14,25,014025,28,0
1773,14,25,014025,29,0
1774,14,26,014026,28,0
1775,14,26,014026,28,1
1776,14,26,014026,28,2
1777,14,26,014026,29,1
1778,14,26,014026,29,0
1779,14,27,014027,28,1
1780,14,27,014027,28,2
1781,14,27,014027,28,3
1782,14,27,014027,29,3
1783,14,27,014027,29,2
1784,14,27,014027,29,1
1785,14,28,014028,28,3
1786,14,28,014028,28,4
1787,14,28,014028,29,4
1788,14,28,014028,29,3
1789,14,28,014028,29,2
1790,14,29,014029,28,4
1791,14,29,014029,28,5
1792,14,29,014029,29,5
1793,14,29,014029,29,4
1794,14,30,014030,28,5
1795,14,30,014030,28,6
1796,14,30,014030,29,6
1797,14,30,014030,29,5
1798,14,31,014031,28,6
1799,14,31,014031,28,7
1800,14,31,014031,29,7
1801,14,31,014031,29,6
1802,14,32,014032,28,7
1803,14,32,014032,28,8
1804,14,32,014032,29,8
1805,14,32,014032,29,7
1806,14,33,014033,28,8
1807,14,33,014033,28,9
1808,14,33,014033,29,9
1809,14,33,014033,29,8
1810,14,34,014034,28,9
1811,14,34,014034,28,10
1812,14,34,014034,29,10
1813,14,34,014034,29,9
1814,14,35,014035,28,10
1815,14,35,014035,28,11
1816,14,35,014035,29,11
1817,14,35,014035,29,10
1818,14,36,014036,28,11
1819,14,36,014036,28,12
1820,14,36,014036,29,12
1821,14,36,014036,29,11
1822,14,37,014037,28,12
1823,14,37,014037,28,13
1824,14,37,014037,28,14
1825,14,37,014037,29,14
1826,14,37,014037,29,13
1827,14,37,014037,29,12
1828,14,38,014038,28,13
1829,14,38,014038,28,14
1830,14,38,014038,28,15
1831,14,38,014038,29,15
1832,14,38,014038,29,14
1833,14,38,014038,29,13
1834,14,39,014039,28,15
1835,14,39,014039,28,16
1836,14,39,014039,29,16
1837,14,39,014039,29,15
1838,14,40,014040,28,16
1839,14,40,014040,28,17
1840,14,40,014040,29,17
1841,14,40,014040,29,16
1842,14,41,014041,27,17
1843,14,41,014041,27,18
1844,14,41,014041,28,17
1845,14,41,014041,28,18
1846,14,41,014041,29,18
1847,14,41,014041,29,17
1848,14,42,014042,27,18
1849,14,42,014042,27,19
1850,14,42,014042,28,18
1851,14,42,014042,28,19
1852,14,42,014042,29,19
1853,14,42,014042,29,18
1854,14,43,014043,27,19
1855,14,43,014043,27,20
1856,14,43,014043,28,19
1857,14,43,014043,28,20
1858,14,43,014043,29,20
1859,14,43,014043,29,19
1860,14,44,014044,27,20
1861,14,44,014044,28,20
1862,14,44,014044,29,20
1863,14,44,014044,29,21
1864,14,44,014044,28,21
1865,14,44,014044,27,21
1866,14,45,014045,29,21
1867,14,45,014045,28,21
1868,14,45,014045,27,21
1869,30,23,030023,16,0
1870,30,23,030023,17,0
1871,30,23,030023,18,0
1872,30,24,030024,16,0
1873,30,24,030024,16,1
1874,30,24,030024,17,0
1875,30,24,030024,17,1
1876,30,24,030024,18,0
1877,30,24,030024,18,1
1878,30,25,030025,16,1
1879,30,25,030025,16,2
1880,30,25,030025,17,1
1881,30,25,030025,17,2
1882,30,26,030026,16,2
1883,30,26,030026,16,3
1884,30,26,030026,17,2
1885,30,26,030026,17,3
1886,30,27,030027,15,3
1887,30,27,030027,15,4
1888,30,27,030027,16,3
1889,30,27,030027,16,4
1890,30,27,030027,17,3
1891,30,27,030027,17,4
1892,30,28,030028,15,4
1893,30,28,030028,15,5
1894,30,28,030028,16,4
1895,30,28,030028,16,5
1896,30,29,030029,15,5
1897,30,29,030029,15,6
1898,30,29,030029,16,5
1899,30,29,030029,16,6
1900,30,30,030030,14,7
1901,30,30,030030,15,6
1902,30,30,030030,15,7
1903,30,30,030030,16,6
1904,30,30,030030,16,7
1905,30,31,030031,14,7
1906,30,31,030031,14,8
1907,30,31,030031,15,7
1908,30,31,030031,15,8
1909,30,31,030031,16,7
1910,30,31,030031,16,8
1911,30,32,030032,14,8
1912,30,32,030032,14,9
1913,30,32,030032,15,8
1914,30,32,030032,15,9
1915,30,33,030033,14,9
1916,30,33,030033,14,10
1917,30,33,030033,15,9
1918,30,33,030033,15,10
1919,30,34,030034,13,10
1920,30,34,030034,13,11
1921,30,34,030034,14,10
1922,30,34,030034,14,11
1923,30,34,030034,14,12
1924,30,34,030034,15,10
1925,30,34,030034,15,11
1926,30,35,030035,13,11
1927,30,35,030035,13,12
1928,30,35,030035,14,11
1929,30,35,030035,14,12
1930,30,35,030035,14,13
1931,30,36,030036,13,12
1932,30,36,030036,13,13
1933,30,36,030036,13,14
1934,30,36,030036,14,12
1935,30,36,030036,14,13
1936,30,36,030036,14,14
1937,30,37,030037,12,14
1938,30,37,030037,13,13
1939,30,37,030037,13,14
1940,30,37,030037,13,15
1941,30,37,030037,14,14
1942,30,37,030037,14,15
1943,30,38,030038,12,14
1944,30,38,030038,12,15
1945,30,38,030038,12,16
1946,30,38,030038,13,14
1947,30,38,030038,13,15
1948,30,38,030038,13,16
1949,30,38,030038,14,15
1950,30,39,030039,12,15
1951,30,39,030039,12,16
1952,30,39,030039,12,17
1953,30,39,030039,13,16
1954,30,39,030039,13,17
1955,30,40,030040,11,17
1956,30,40,030040,11,18
1957,30,40,030040,12,16
1958,30,40,030040,12,17
1959,30,40,030040,12,18
1960,30,40,030040,13,17
1961,30,40,030040,13,18
1962,30,41,030041,11,17
1963,30,41,030041,11,18
1964,30,41,030041,11,19
1965,30,41,030041,12,18
1966,30,41,030041,12,19
1967,30,41,030041,13,18
1968,30,42,030042,11,19
1969,30,42,030042,11,20
1970,30,42,030042,12,19
1971,30,42,030042,12,20
1972,30,43,030043,10,20
1973,30,43,030043,11,20
1974,30,43,030043,12,20
1975,30,43,030043,12,21
1976,30,43,030043,11,21
1977,30,43,030043,10,21
1978,30,44,030044,12,21
1979,30,44,030044,11,21
1980,30,44,030044,10,21
1981,46,24,046024,5,0
1982,46,24,046024,6,0
1983,46,25,046025,4,0
1984,46,25,046025,5,0
1985,46,25,046025,5,1
1986,46,25,046025,6,0
1987,46,26,046026,3,1
1988,46,26,046026,4,0
1989,46,26,046026,4,1
1990,46,26,046026,4,2
1991,46,26,046026,5,0
1992,46,26,046026,5,1
1993,46,26,046026,5,2
1994,46,27,046027,3,1
1995,46,27,046027,3,2
1996,46,27,046027,4,1
1997,46,27,046027,4,2
1998,46,27,046027,5,1
1999,46,27,046027,5,2
2000,46,28,046028,2,3
2001,46,28,046028,3,2
2002,46,28,046028,3,3
2003,46,28,046028,4,2
2004,46,28,046028,4,3
2005,46,29,046029,2,3
2006,46,29,046029,2,4
2007,46,29,046029,3,3
2008,46,29,046029,3,4
2009,46,30,046030,2,4
2010,46,30,046030,2,5
2011,46,30,046030,3,4
2012,46,30,046030,3,5
2013,46,30,046030,1,4
2014,46,30,046030,1,5
2015,46,31,046031,2,5
2016,46,31,046031,2,6
2017,46,31,046031,1,5
2018,46,31,046031,1,6
2019,46,32,046032,2,6
2020,46,32,046032,2,7
2021,46,32,046032,1,6
2022,46,32,046032,0,6
2023,46,32,046032,1,7
2024,46,32,046032,0,7
2025,46,33,046033,1,7
2026,46,33,046033,0,7
2027,46,33,046033,1,8
2028,46,33,046033,0,8
2029,46,34,046034,1,8
2030,46,34,046034,0,8
2031,46,34,046034,0,9
2032,46,35,046035,0,9
2033,46,35,046035,0,10
2034,46,36,046036,0,10
2035,21,24,021024,23,0
2036,21,24,021024,24,0
2037,21,25,021025,23,0
2038,21,25,021025,23,1
2039,21,25,021025,24,0
2040,21,25,021025,24,1
2041,21,25,021025,24,2
2042,21,26,021026,22,2
2043,21,26,021026,23,1
2044,21,26,021026,23,2
2045,21,26,021026,23,3
2046,21,26,021026,24,1
2047,21,26,021026,24,2
2048,21,26,021026,24,3
2049,21,27,021027,22,2
2050,21,27,021027,22,3
2051,21,27,021027,22,4
2052,21,27,021027,23,2
2053,21,27,021027,23,3
2054,21,27,021027,23,4
2055,21,27,021027,24,3
2056,21,27,021027,24,4
2057,21,28,021028,22,4
2058,21,28,021028,22,5
2059,21,28,021028,23,4
2060,21,28,021028,23,5
2061,21,28,021028,24,4
2062,21,29,021029,22,5
2063,21,29,021029,22,6
2064,21,29,021029,23,5
2065,21,29,021029,23,6
2066,21,30,021030,22,6
2067,21,30,021030,22,7
2068,21,30,021030,23,6
2069,21,30,021030,23,7
2070,21,31,021031,22,7
2071,21,31,021031,22,8
2072,21,31,021031,23,7
2073,21,31,021031,23,8
2074,21,32,021032,22,8
2075,21,32,021032,22,9
2076,21,32,021032,23,8
2077,21,32,021032,23,9
2078,21,33,021033,22,9
2079,21,33,021033,22,10
2080,21,33,021033,23,9
2081,21,33,021033,23,10
2082,21,34,021034,21,10
2083,21,34,021034,21,11
2084,21,34,021034,22,10
2085,21,34,021034,22,11
2086,21,34,021034,23,10
2087,21,34,021034,23,11
2088,21,35,021035,21,11
2089,21,35,021035,21,12
2090,21,35,021035,22,11
2091,21,35,021035,22,12
2092,21,35,021035,23,11
2093,21,35,021035,23,12
2094,21,36,021036,21,12
2095,21,36,021036,21,13
2096,21,36,021036,22,12
2097,21,36,021036,22,13
2098,21,37,021037,21,13
2099,21,37,021037,21,14
2100,21,37,021037,22,13
2101,21,37,021037,22,14
2102,21,37,021037,22,15
2103,21,38,021038,21,14
2104,21,38,021038,21,15
2105,21,38,021038,21,16
2106,21,38,021038,22,14
2107,21,38,021038,22,15
2108,21,38,021038,22,16
2109,21,39,021039,21,15
2110,21,39,021039,21,16
2111,21,39,021039,21,17
2112,21,39,021039,22,15
2113,21,39,021039,22,16
2114,21,39,021039,22,17
2115,21,40,021040,20,17
2116,21,40,021040,20,18
2117,21,40,021040,21,17
2118,21,40,021040,21,18
2119,21,40,021040,22,17
2120,21,40,021040,22,18
2121,21,41,021041,20,18
2122,21,41,021041,20,19
2123,21,41,021041,21,18
2124,21,41,021041,21,19
2125,21,41,021041,22,18
2126,21,41,021041,22,19
2127,21,42,021042,20,19
2128,21,42,021042,20,20
2129,21,42,021042,21,19
2130,21,42,021042,21,20
2131,21,42,021042,22,19
2132,21,43,021043,20,20
2133,21,43,021043,21,20
2134,21,43,021043,21,21
2135,21,43,021043,20,21
2136,21,44,021044,21,21
2137,21,44,021044,20,21
2138,37,23,037023,12,0
2139,37,23,037023,13,0
2140,37,24,037024,11,0
2141,37,24,037024,11,1
2142,37,24,037024,12,0
2143,37,24,037024,12,1
2144,37,24,037024,13,0
2145,37,25,037025,11,0
2146,37,25,037025,11,1
2147,37,25,037025,11,2
2148,37,25,037025,12,1
2149,37,25,037025,12,2
2150,37,26,037026,10,2
2151,37,26,037026,10,3
2152,37,26,037026,11,1
2153,37,26,037026,11,2
2154,37,26,037026,11,3
2155,37,26,037026,12,2
2156,37,27,037027,10,2
2157,37,27,037027,10,3
2158,37,27,037027,10,4
2159,37,27,037027,11,2
2160,37,27,037027,11,3
2161,37,27,037027,11,4
2162,37,28,037028,9,4
2163,37,28,037028,10,3
2164,37,28,037028,10,4
2165,37,28,037028,10,5
2166,37,28,037028,11,4
2167,37,28,037028,11,5
2168,37,29,037029,9,4
2169,37,29,037029,9,5
2170,37,29,037029,9,6
2171,37,29,037029,10,4
2172,37,29,037029,10,5
2173,37,29,037029,10,6
2174,37,29,037029,11,5
2175,37,30,037030,9,5
2176,37,30,037030,9,6
2177,37,30,037030,9,7
2178,37,30,037030,10,6
2179,37,30,037030,10,7
2180,37,31,037031,8,7
2181,37,31,037031,8,8
2182,37,31,037031,9,6
2183,37,31,037031,9,7
2184,37,31,037031,9,8
2185,37,31,037031,10,7
2186,37,32,037032,8,7
2187,37,32,037032,8,8
2188,37,32,037032,8,9
2189,37,32,037032,9,8
2190,37,32,037032,9,9
2191,37,33,037033,7,9
2192,37,33,037033,7,10
2193,37,33,037033,8,8
2194,37,33,037033,8,9
2195,37,33,037033,8,10
2196,37,33,037033,9,9
2197,37,33,037033,9,10
2198,37,34,037034,7,9
2199,37,34,037034,7,10
2200,37,34,037034,7,11
2201,37,34,037034,8,10
2202,37,34,037034,8,11
2203,37,35,037035,6,11
2204,37,35,037035,6,12
2205,37,35,037035,7,10
2206,37,35,037035,7,11
2207,37,35,037035,7,12
2208,37,35,037035,8,11
2209,37,35,037035,8,12
2210,37,36,037036,6,11
2211,37,36,037036,6,12
2212,37,36,037036,6,13
2213,37,36,037036,7,11
2214,37,36,037036,7,12
2215,37,36,037036,7,13
2216,37,36,037036,8,12
2217,37,37,037037,6,12
2218,37,37,037037,6,13
2219,37,37,037037,6,14
2220,37,37,037037,7,13
2221,37,37,037037,7,14
2222,37,38,037038,5,14
2223,37,38,037038,5,15
2224,37,38,037038,6,13
2225,37,38,037038,6,14
2226,37,38,037038,6,15
2227,37,38,037038,7,14
2228,37,38,037038,7,15
2229,37,39,037039,5,14
2230,37,39,037039,5,15
2231,37,39,037039,5,16
2232,37,39,037039,6,15
2233,37,39,037039,6,16
2234,37,40,037040,4,16
2235,37,40,037040,4,17
2236,37,40,037040,5,15
2237,37,40,037040,5,16
2238,37,40,037040,5,17
2239,37,40,037040,6,16
2240,37,40,037040,6,17
2241,37,41,037041,4,16
2242,37,41,037041,4,17
2243,37,41,037041,4,18
2244,37,41,037041,5,17
2245,37,41,037041,5,18
2246,37,41,037041,6,17
2247,37,42,037042,3,18
2248,37,42,037042,3,19
2249,37,42,037042,4,17
2250,37,42,037042,4,18
2251,37,42,037042,4,19
2252,37,42,037042,5,18
2253,37,42,037042,5,19
2254,37,43,037043,3,18
2255,37,43,037043,3,19
2256,37,43,037043,3,20
2257,37,43,037043,4,18
2258,37,43,037043,4,19
2259,37,43,037043,4,20
2260,37,43,037043,5,19
2261,37,44,037044,3,19
2262,37,44,037044,3,20
2263,37,44,037044,4,20
2264,37,44,037044,4,21
2265,37,44,037044,3,21
2266,37,45,037045,3,20
2267,37,45,037045,4,21
2268,37,45,037045,3,21
2269,37,45,037045,2,21
2270,37,46,037046,2,21
2271,53,26,053026,0,0
2272,12,25,012025,29,0
2273,12,25,012025,30,0
2274,12,25,012025,31,0
2275,12,26,012026,29,1
2276,12,26,012026,30,1
2277,12,26,012026,31,1
2278,12,26,012026,29,0
2279,12,26,012026,30,0
2280,12,26,012026,31,0
2281,12,27,012027,29,2
2282,12,27,012027,29,1
2283,12,27,012027,30,2
2284,12,27,012027,30,1
2285,12,27,012027,31,2
2286,12,27,012027,31,1
2287,12,28,012028,29,3
2288,12,28,012028,29,2
2289,12,28,012028,30,3
2290,12,28,012028,30,2
2291,12,28,012028,31,3
2292,12,28,012028,31,2
2293,12,29,012029,29,4
2294,12,29,012029,29,3
2295,12,29,012029,30,4
2296,12,29,012029,30,3
2297,12,29,012029,31,4
2298,12,29,012029,31,3
2299,12,30,012030,29,5
2300,12,30,012030,29,4
2301,12,30,012030,30,5
2302,12,30,012030,30,4
2303,12,30,012030,31,5
2304,12,30,012030,31,4
2305,12,31,012031,29,7
2306,12,31,012031,29,6
2307,12,31,012031,30,7
2308,12,31,012031,30,6
2309,12,31,012031,31,6
2310,12,31,012031,29,5
2311,12,31,012031,30,5
2312,12,31,012031,31,5
2313,12,32,012032,29,8
2314,12,32,012032,29,7
2315,12,32,012032,30,8
2316,12,32,012032,30,7
2317,12,32,012032,30,6
2318,12,32,012032,31,8
2319,12,32,012032,31,7
2320,12,32,012032,31,6
2321,12,33,012033,29,9
2322,12,33,012033,29,8
2323,12,33,012033,30,9
2324,12,33,012033,30,8
2325,12,33,012033,31,9
2326,12,33,012033,31,8
2327,12,34,012034,29,10
2328,12,34,012034,30,10
2329,12,34,012034,31,10
2330,12,34,012034,29,9
2331,12,34,012034,30,9
2332,12,34,012034,31,9
2333,12,35,012035,29,11
2334,12,35,012035,29,10
2335,12,35,012035,30,11
2336,12,35,012035,30,10
2337,12,35,012035,31,11
2338,12,35,012035,31,10
2339,12,36,012036,29,12
2340,12,36,012036,30,12
2341,12,36,012036,31,12
2342,12,36,012036,29,11
2343,12,36,012036,30,11
2344,12,36,012036,31,11
2345,12,37,012037,30,13
2346,12,37,012037,31,13
2347,12,37,012037,29,12
2348,12,37,012037,30,12
2349,12,37,012037,31,12
2350,12,38,012038,30,14
2351,12,38,012038,31,14
2352,12,38,012038,30,13
2353,12,38,012038,31,13
2354,12,39,012039,30,15
2355,12,39,012039,31,15
2356,12,39,012039,30,14
2357,12,39,012039,31,14
2358,12,40,012040,30,16
2359,12,40,012040,31,16
2360,12,40,012040,30,15
2361,12,40,012040,31,15
2362,12,41,012041,29,17
2363,12,41,012041,30,17
2364,12,41,012041,31,17
2365,12,41,012041,30,16
2366,12,41,012041,31,16
2367,12,42,012042,29,19
2368,12,42,012042,29,18
2369,12,42,012042,30,19
2370,12,42,012042,31,19
2371,12,42,012042,30,18
2372,12,42,012042,31,18
2373,12,42,012042,29,17
2374,12,42,012042,30,17
2375,12,42,012042,31,17
2376,12,43,012043,29,20
2377,12,43,012043,29,19
2378,12,43,012043,30,20
2379,12,43,012043,31,20
2380,12,43,012043,30,19
2381,12,43,012043,31,19
2382,12,43,012043,30,18
2383,12,43,012043,31,18
2384,12,44,012044,29,20
2385,12,44,012044,30,20
2386,12,44,012044,31,20
2387,12,44,012044,31,21
2388,12,44,012044,30,21
2389,12,44,012044,29,21
2390,12,45,012045,31,21
2391,12,45,012045,30,21
2392,12,45,012045,29,21
2393,28,23,028023,18,0
2394,28,23,028023,19,0
2395,28,24,028024,18,0
2396,28,24,028024,18,1
2397,28,24,028024,19,0
2398,28,24,028024,19,1
2399,28,25,028025,17,1
2400,28,25,028025,17,2
2401,28,25,028025,18,1
2402,28,25,028025,18,2
2403,28,25,028025,19,1
2404,28,25,028025,19,2
2405,28,26,028026,17,2
2406,28,26,028026,17,3
2407,28,26,028026,18,2
2408,28,26,028026,18,3
2409,28,26,028026,19,2
2410,28,27,028027,17,3
2411,28,27,028027,17,4
2412,28,27,028027,18,3
2413,28,27,028027,18,4
2414,28,28,028028,17,4
2415,28,28,028028,17,5
2416,28,28,028028,18,4
2417,28,28,028028,18,5
2418,28,29,028029,16,5
2419,28,29,028029,16,6
2420,28,29,028029,17,5
2421,28,29,028029,17,6
2422,28,29,028029,18,5
2423,28,29,028029,18,6
2424,28,30,028030,16,6
2425,28,30,028030,16,7
2426,28,30,028030,17,6
2427,28,30,028030,17,7
2428,28,30,028030,18,6
2429,28,31,028031,16,7
2430,28,31,028031,16,8
2431,28,31,028031,17,7
2432,28,31,028031,17,8
2433,28,32,028032,16,8
2434,28,32,028032,16,9
2435,28,32,028032,17,8
2436,28,32,028032,17,9
2437,28,33,028033,15,9
2438,28,33,028033,15,10
2439,28,33,028033,16,9
2440,28,33,028033,16,10
2441,28,33,028033,16,11
2442,28,33,028033,17,9
2443,28,33,028033,17,10
2444,28,33,028033,17,11
2445,28,34,028034,15,10
2446,28,34,028034,15,11
2447,28,34,028034,16,10
2448,28,34,028034,16,11
2449,28,34,028034,16,12
2450,28,34,028034,17,10
2451,28,34,028034,17,11
2452,28,35,028035,15,11
2453,28,35,028035,15,12
2454,28,35,028035,15,13
2455,28,35,028035,16,11
2456,28,35,028035,16,12
2457,28,35,028035,16,13
2458,28,36,028036,14,13
2459,28,36,028036,15,12
2460,28,36,028036,15,13
2461,28,36,028036,15,14
2462,28,36,028036,16,12
2463,28,36,028036,16,13
2464,28,36,028036,16,14
2465,28,37,028037,14,13
2466,28,37,028037,14,14
2467,28,37,028037,14,15
2468,28,37,028037,15,13
2469,28,37,028037,15,14
2470,28,37,028037,15,15
2471,28,37,028037,16,14
2472,28,38,028038,14,14
2473,28,38,028038,14,15
2474,28,38,028038,14,16
2475,28,38,028038,15,15
2476,28,38,028038,15,16
2477,28,39,028039,14,16
2478,28,39,028039,14,17
2479,28,39,028039,15,16
2480,28,39,028039,15,17
2481,28,40,028040,13,17
2482,28,40,028040,13,18
2483,28,40,028040,14,17
2484,28,40,028040,14,18
2485,28,40,028040,15,17
2486,28,40,028040,15,18
2487,28,41,028041,13,18
2488,28,41,028041,13,19
2489,28,41,028041,14,18
2490,28,41,028041,14,19
2491,28,41,028041,15,18
2492,28,42,028042,13,19
2493,28,42,028042,13,20
2494,28,42,028042,14,19
2495,28,42,028042,14,20
2496,28,43,028043,13,20
2497,28,43,028043,14,20
2498,28,43,028043,14,21
2499,28,43,028043,13,21
2500,28,44,028044,14,21
2501,28,44,028044,13,21
2502,28,44,028044,12,21
2503,44,24,044024,6,0
2504,44,24,044024,7,0
2505,44,25,044025,5,0
2506,44,25,044025,6,0
2507,44,25,044025,6,1
2508,44,25,044025,7,0
2509,44,25,044025,7,1
2510,44,26,044026,5,0
2511,44,26,044026,5,1
2512,44,26,044026,5,2
2513,44,26,044026,6,0
2514,44,26,044026,6,1
2515,44,26,044026,6,2
2516,44,26,044026,7,1
2517,44,27,044027,4,2
2518,44,27,044027,5,1
2519,44,27,044027,5,2
2520,44,27,044027,5,3
2521,44,27,044027,6,2
2522,44,27,044027,6,3
2523,44,28,044028,4,2
2524,44,28,044028,4,3
2525,44,28,044028,4,4
2526,44,28,044028,5,2
2527,44,28,044028,5,3
2528,44,28,044028,5,4
2529,44,28,044028,6,3
2530,44,29,044029,3,4
2531,44,29,044029,4,3
2532,44,29,044029,4,4
2533,44,29,044029,4,5
2534,44,29,044029,5,4
2535,44,29,044029,5,5
2536,44,30,044030,3,4
2537,44,30,044030,3,5
2538,44,30,044030,3,6
2539,44,30,044030,4,4
2540,44,30,044030,4,5
2541,44,30,044030,4,6
2542,44,31,044031,2,6
2543,44,31,044031,3,5
2544,44,31,044031,3,6
2545,44,31,044031,3,7
2546,44,31,044031,4,5
2547,44,31,044031,4,6
2548,44,32,044032,2,6
2549,44,32,044032,2,7
2550,44,32,044032,3,6
2551,44,32,044032,3,7
2552,44,32,044032,3,8
2553,44,33,044033,2,7
2554,44,33,044033,2,8
2555,44,33,044033,2,9
2556,44,33,044033,3,7
2557,44,33,044033,3,8
2558,44,33,044033,1,8
2559,44,34,044034,2,8
2560,44,34,044034,2,9
2561,44,34,044034,2,10
2562,44,34,044034,1,8
2563,44,34,044034,1,9
2564,44,35,044035,2,9
2565,44,35,044035,2,10
2566,44,35,044035,1,9
2567,44,35,044035,0,9
2568,44,35,044035,1,10
2569,44,35,044035,0,10
2570,44,35,044035,1,11
2571,44,36,044036,1,10
2572,44,36,044036,0,10
2573,44,36,044036,1,11
2574,44,36,044036,0,11
2575,44,36,044036,1,12
2576,44,37,044037,1,11
2577,44,37,044037,0,11
2578,44,37,044037,1,12
2579,44,37,044037,0,12
2580,44,38,044038,0,12
2581,44,38,044038,0,13
2582,44,39,044039,0,13
2583,44,39,044039,0,14
2584,19,24,019024,24,0
2585,19,24,019024,25,0
2586,19,24,019024,26,0
2587,19,25,019025,24,0
2588,19,25,019025,24,1
2589,19,25,019025,25,0
2590,19,25,019025,25,1
2591,19,26,019026,24,1
2592,19,26,019026,24,2
2593,19,26,019026,25,1
2594,19,26,019026,25,2
2595,19,27,019027,24,2
2596,19,27,019027,24,3
2597,19,27,019027,25,2
2598,19,27,019027,25,3
2599,19,28,019028,24,3
2600,19,28,019028,24,4
2601,19,28,019028,25,3
2602,19,28,019028,25,4
2603,19,29,019029,24,4
2604,19,29,019029,24,5
2605,19,29,019029,24,6
2606,19,29,019029,25,4
2607,19,29,019029,25,5
2608,19,29,019029,25,6
2609,19,30,019030,24,5
2610,19,30,019030,24,6
2611,19,30,019030,24,7
2612,19,30,019030,25,5
2613,19,30,019030,25,6
2614,19,30,019030,25,7
2615,19,31,019031,24,7
2616,19,31,019031,24,8
2617,19,31,019031,25,7
2618,19,31,019031,25,8
2619,19,32,019032,23,8
2620,19,32,019032,23,9
2621,19,32,019032,24,8
2622,19,32,019032,24,9
2623,19,32,019032,25,8
2624,19,32,019032,25,9
2625,19,33,019033,23,9
2626,19,33,019033,23,10
2627,19,33,019033,24,9
2628,19,33,019033,24,10
2629,19,33,019033,25,9
2630,19,33,019033,25,10
2631,19,34,019034,23,10
2632,19,34,019034,23,11
2633,19,34,019034,24,10
2634,19,34,019034,24,11
2635,19,34,019034,25,10
2636,19,35,019035,23,11
2637,19,35,019035,23,12
2638,19,35,019035,24,11
2639,19,35,019035,24,12
2640,19,36,019036,23,12
2641,19,36,019036,23,13
2642,19,36,019036,24,12
2643,19,36,019036,24,13
2644,19,37,019037,23,13
2645,19,37,019037,23,14
2646,19,37,019037,24,13
2647,19,37,019037,24,14
2648,19,38,019038,23,14
2649,19,38,019038,23,15
2650,19,38,019038,24,14
2651,19,38,019038,24,15
2652,19,39,019039,23,15
2653,19,39,019039,23,16
2654,19,39,019039,24,15
2655,19,39,019039,24,16
2656,19,40,019040,22,17
2657,19,40,019040,23,16
2658,19,40,019040,23,17
2659,19,40,019040,23,18
2660,19,40,019040,24,16
2661,19,40,019040,24,17
2662,19,40,019040,24,18
2663,19,41,019041,22,17
2664,19,41,019041,22,18
2665,19,41,019041,22,19
2666,19,41,019041,23,17
2667,19,41,019041,23,18
2668,19,41,019041,23,19
2669,19,41,019041,24,17
2670,19,41,019041,24,18
2671,19,41,019041,24,19
2672,19,42,019042,22,19
2673,19,42,019042,22,20
2674,19,42,019042,23,19
2675,19,42,019042,23,20
2676,19,42,019042,24,19
2677,19,43,019043,22,20
2678,19,43,019043,23,20
2679,19,43,019043,23,21
2680,19,43,019043,22,21
2681,19,44,019044,23,21
2682,19,44,019044,22,21
2683,35,23,035023,13,0
2684,35,23,035023,14,0
2685,35,24,035024,12,0
2686,35,24,035024,12,1
2687,35,24,035024,13,0
2688,35,24,035024,13,1
2689,35,24,035024,14,0
2690,35,24,035024,14,1
2691,35,25,035025,12,1
2692,35,25,035025,12,2
2693,35,25,035025,13,1
2694,35,25,035025,13,2
2695,35,25,035025,14,1
2696,35,26,035026,12,2
2697,35,26,035026,12,3
2698,35,26,035026,13,2
2699,35,26,035026,13,3
2700,35,27,035027,11,3
2701,35,27,035027,11,4
2702,35,27,035027,12,3
2703,35,27,035027,12,4
2704,35,27,035027,13,3
2705,35,27,035027,13,4
2706,35,28,035028,11,4
2707,35,28,035028,11,5
2708,35,28,035028,12,4
2709,35,28,035028,12,5
2710,35,28,035028,13,4
2711,35,29,035029,11,5
2712,35,29,035029,11,6
2713,35,29,035029,12,5
2714,35,29,035029,12,6
2715,35,30,035030,10,6
2716,35,30,035030,10,7
2717,35,30,035030,11,6
2718,35,30,035030,11,7
2719,35,30,035030,12,6
2720,35,30,035030,12,7
2721,35,31,035031,10,7
2722,35,31,035031,10,8
2723,35,31,035031,11,7
2724,35,31,035031,11,8
2725,35,32,035032,9,9
2726,35,32,035032,10,8
2727,35,32,035032,10,9
2728,35,32,035032,11,8
2729,35,32,035032,11,9
2730,35,33,035033,9,9
2731,35,33,035033,9,10
2732,35,33,035033,10,9
2733,35,33,035033,10,10
2734,35,33,035033,11,9
2735,35,34,035034,9,10
2736,35,34,035034,9,11
2737,35,34,035034,10,10
2738,35,34,035034,10,11
2739,35,35,035035,8,11
2740,35,35,035035,8,12
2741,35,35,035035,9,11
2742,35,35,035035,9,12
2743,35,35,035035,10,11
2744,35,35,035035,10,12
2745,35,36,035036,8,12
2746,35,36,035036,8,13
2747,35,36,035036,9,12
2748,35,36,035036,9,13
2749,35,37,035037,8,13
2750,35,37,035037,8,14
2751,35,37,035037,9,13
2752,35,37,035037,9,14
2753,35,38,035038,7,14
2754,35,38,035038,7,15
2755,35,38,035038,8,14
2756,35,38,035038,8,15
2757,35,38,035038,9,14
2758,35,38,035038,9,15
2759,35,39,035039,7,15
2760,35,39,035039,7,16
2761,35,39,035039,8,15
2762,35,39,035039,8,16
2763,35,40,035040,6,16
2764,35,40,035040,6,17
2765,35,40,035040,7,16
2766,35,40,035040,7,17
2767,35,40,035040,8,16
2768,35,40,035040,8,17
2769,35,41,035041,6,17
2770,35,41,035041,6,18
2771,35,41,035041,7,17
2772,35,41,035041,7,18
2773,35,41,035041,8,17
2774,35,42,035042,6,18
2775,35,42,035042,6,19
2776,35,42,035042,7,18
2777,35,42,035042,7,19
2778,35,43,035043,5,19
2779,35,43,035043,5,20
2780,35,43,035043,6,19
2781,35,43,035043,6,20
2782,35,43,035043,7,19
2783,35,43,035043,7,20
2784,35,44,035044,5,20
2785,35,44,035044,6,20
2786,35,44,035044,6,21
2787,35,44,035044,5,21
2788,35,45,035045,6,21
2789,35,45,035045,5,21
2790,35,45,035045,4,21
2791,51,25,051025,1,0
2792,51,26,051026,1,0
2793,51,26,051026,0,0
2794,51,27,051027,1,0
2795,51,27,051027,0,0
2796,51,27,051027,0,1
2797,51,27,051027,1,1
2798,51,28,051028,0,1
2799,51,28,051028,0,2
2800,51,29,051029,0,2
2801,10,25,010025,31,0
2802,10,25,010025,32,0
2803,10,26,010026,31,1
2804,10,26,010026,32,1
2805,10,26,010026,31,0
2806,10,26,010026,32,0
2807,10,27,010027,31,2
2808,10,27,010027,31,1
2809,10,27,010027,32,2
2810,10,27,010027,32,1
2811,10,28,010028,31,3
2812,10,28,010028,31,2
2813,10,28,010028,32,3
2814,10,28,010028,32,2
2815,10,29,010029,31,4
2816,10,29,010029,31,3
2817,10,29,010029,32,4
2818,10,29,010029,32,3
2819,10,30,010030,31,5
2820,10,30,010030,31,4
2821,10,30,010030,32,5
2822,10,30,010030,32,4
2823,10,31,010031,31,6
2824,10,31,010031,32,6
2825,10,31,010031,31,5
2826,10,31,010031,32,5
2827,10,32,010032,31,7
2828,10,32,010032,31,6
2829,10,32,010032,32,7
2830,10,32,010032,32,6
2831,10,33,010033,31,8
2832,10,33,010033,31,7
2833,10,33,010033,32,8
2834,10,33,010033,32,7
2835,10,34,010034,31,9
2836,10,34,010034,31,8
2837,10,34,010034,32,9
2838,10,34,010034,32,8
2839,10,35,010035,31,11
2840,10,35,010035,31,10
2841,10,35,010035,32,10
2842,10,35,010035,31,9
2843,10,35,010035,32,9
2844,10,36,010036,31,12
2845,10,36,010036,32,12
2846,10,36,010036,31,11
2847,10,36,010036,31,10
2848,10,36,010036,32,11
2849,10,36,010036,32,10
2850,10,37,010037,31,13
2851,10,37,010037,32,13
2852,10,37,010037,31,12
2853,10,37,010037,32,12
2854,10,37,010037,32,11
2855,10,38,010038,31,14
2856,10,38,010038,32,14
2857,10,38,010038,31,13
2858,10,38,010038,32,13
2859,10,39,010039,31,15
2860,10,39,010039,32,15
2861,10,39,010039,31,14
2862,10,39,010039,32,14
2863,10,40,010040,31,16
2864,10,40,010040,32,16
2865,10,40,010040,31,15
2866,10,40,010040,32,15
2867,10,41,010041,31,17
2868,10,41,010041,32,17
2869,10,41,010041,31,16
2870,10,41,010041,32,16
2871,10,42,010042,32,18
2872,10,42,010042,32,17
2873,10,43,010043,32,19
2874,10,43,010043,32,18
2875,10,44,010044,32,20
2876,10,44,010044,32,19
2877,10,45,010045,32,21
2878,10,45,010045,32,20
2879,10,46,010046,32,21
2880,26,23,026023,19,0
2881,26,23,026023,20,0
2882,26,23,026023,21,0
2883,26,24,026024,19,0
2884,26,24,026024,19,1
2885,26,24,026024,20,0
2886,26,24,026024,20,1
2887,26,24,026024,21,0
2888,26,25,026025,19,1
2889,26,25,026025,19,2
2890,26,25,026025,20,1
2891,26,25,026025,20,2
2892,26,26,026026,19,2
2893,26,26,026026,19,3
2894,26,26,026026,20,2
2895,26,26,026026,20,3
2896,26,27,026027,18,4
2897,26,27,026027,19,3
2898,26,27,026027,19,4
2899,26,27,026027,20,3
2900,26,27,026027,20,4
2901,26,28,026028,18,4
2902,26,28,026028,18,5
2903,26,28,026028,19,4
2904,26,28,026028,19,5
2905,26,28,026028,20,4
2906,26,28,026028,20,5
2907,26,29,026029,18,5
2908,26,29,026029,18,6
2909,26,29,026029,19,5
2910,26,29,026029,19,6
2911,26,30,026030,18,6
2912,26,30,026030,18,7
2913,26,30,026030,19,6
2914,26,30,026030,19,7
2915,26,31,026031,18,7
2916,26,31,026031,18,8
2917,26,31,026031,19,7
2918,26,31,026031,19,8
2919,26,32,026032,17,8
2920,26,32,026032,17,9
2921,26,32,026032,18,8
2922,26,32,026032,18,9
2923,26,32,026032,19,8
2924,26,32,026032,19,9
2925,26,33,026033,17,9
2926,26,33,026033,17,10
2927,26,33,026033,18,9
2928,26,33,026033,18,10
2929,26,33,026033,19,9
2930,26,33,026033,19,10
2931,26,34,026034,17,10
2932,26,34,026034,17,11
2933,26,34,026034,18,10
2934,26,34,026034,18,11
2935,26,34,026034,18,12
2936,26,35,026035,17,11
2937,26,35,026035,17,12
2938,26,35,026035,17,13
2939,26,35,026035,18,11
2940,26,35,026035,18,12
2941,26,35,026035,18,13
2942,26,36,026036,16,13
2943,26,36,026036,16,14
2944,26,36,026036,17,12
2945,26,36,026036,17,13
2946,26,36,026036,17,14
2947,26,36,026036,18,13
2948,26,36,026036,18,14
2949,26,37,026037,16,13
2950,26,37,026037,16,14
2951,26,37,026037,16,15
2952,26,37,026037,17,13
2953,26,37,026037,17,14
2954,26,37,026037,17,15
2955,26,37,026037,18,14
2956,26,38,026038,16,15
2957,26,38,026038,16,16
2958,26,38,026038,17,15
2959,26,38,026038,17,16
2960,26,39,026039,16,16
2961,26,39,026039,16,17
2962,26,39,026039,17,16
2963,26,39,026039,17,17
2964,26,40,026040,15,17
2965,26,40,026040,15,18
2966,26,40,026040,16,17
2967,26,40,026040,16,18
2968,26,40,026040,17,17
2969,26,40,026040,17,18
2970,26,41,026041,15,18
2971,26,41,026041,15,19
2972,26,41,026041,16,18
2973,26,41,026041,16,19
2974,26,41,026041,17,18
2975,26,42,026042,15,19
2976,26,42,026042,15,20
2977,26,42,026042,16,19
2978,26,42,026042,16,20
2979,26,43,026043,15,20
2980,26,43,026043,16,20
2981,26,43,026043,16,21
2982,26,43,026043,15,21
2983,26,44,026044,16,21
2984,26,44,026044,15,21
2985,26,44,026044,14,21
2986,42,24,042024,7,0
2987,42,24,042024,8,0
2988,42,24,042024,9,0
2989,42,25,042025,7,0
2990,42,25,042025,7,1
2991,42,25,042025,8,0
2992,42,25,042025,8,1
2993,42,25,042025,9,0
2994,42,26,042026,6,2
2995,42,26,042026,7,1
2996,42,26,042026,7,2
2997,42,26,042026,8,1
2998,42,26,042026,8,2
2999,42,27,042027,6,2
3000,42,27,042027,6,3
3001,42,27,042027,7,2
3002,42,27,042027,7,3
3003,42,27,042027,8,2
3004,42,28,042028,5,4
3005,42,28,042028,6,3
3006,42,28,042028,6,4
3007,42,28,042028,7,3
3008,42,28,042028,7,4
3009,42,29,042029,5,4
3010,42,29,042029,5,5
3011,42,29,042029,6,4
3012,42,29,042029,6,5
3013,42,29,042029,7,4
3014,42,30,042030,4,6
3015,42,30,042030,5,5
3016,42,30,042030,5,6
3017,42,30,042030,6,5
3018,42,30,042030,6,6
3019,42,31,042031,4,6
3020,42,31,042031,4,7
3021,42,31,042031,5,6
3022,42,31,042031,5,7
3023,42,31,042031,6,6
3024,42,32,042032,3,7
3025,42,32,042032,3,8
3026,42,32,042032,4,7
3027,42,32,042032,4,8
3028,42,32,042032,5,7
3029,42,32,042032,5,8
3030,42,33,042033,3,8
3031,42,33,042033,3,9
3032,42,33,042033,4,8
3033,42,33,042033,4,9
3034,42,33,042033,5,8
3035,42,34,042034,2,9
3036,42,34,042034,2,10
3037,42,34,042034,3,9
3038,42,34,042034,3,10
3039,42,34,042034,4,9
3040,42,34,042034,4,10
3041,42,35,042035,2,9
3042,42,35,042035,2,10
3043,42,35,042035,2,11
3044,42,35,042035,3,9
3045,42,35,042035,3,10
3046,42,35,042035,3,11
3047,42,35,042035,4,10
3048,42,36,042036,2,10
3049,42,36,042036,2,11
3050,42,36,042036,2,12
3051,42,36,042036,3,11
3052,42,36,042036,3,12
3053,42,36,042036,1,11
3054,42,36,042036,1,12
3055,42,37,042037,2,11
3056,42,37,042037,2,12
3057,42,37,042037,2,13
3058,42,37,042037,3,12
3059,42,37,042037,1,11
3060,42,37,042037,1,12
3061,42,37,042037,1,13
3062,42,38,042038,2,13
3063,42,38,042038,2,14
3064,42,38,042038,1,12
3065,42,38,042038,1,13
3066,42,38,042038,0,13
3067,42,38,042038,1,14
3068,42,39,042039,2,14
3069,42,39,042039,1,13
3070,42,39,042039,0,13
3071,42,39,042039,1,14
3072,42,39,042039,0,14
3073,42,39,042039,1,15
3074,42,39,042039,0,15
3075,42,40,042040,0,14
3076,42,40,042040,1,15
3077,42,40,042040,1,16
3078,42,40,042040,0,15
3079,42,40,042040,0,16
3080,42,41,042041,1,16
3081,42,41,042041,0,15
3082,42,41,042041,0,16
3083,42,41,042041,0,17
3084,42,42,042042,0,17
3085,42,42,042042,0,18
3086,42,43,042043,0,18
3087,17,24,017024,26,0
3088,17,24,017024,27,0
3089,17,25,017025,26,0
3090,17,25,017025,26,1
3091,17,25,017025,27,0
3092,17,25,017025,27,1
3093,17,26,017026,26,1
3094,17,26,017026,26,2
3095,17,26,017026,27,1
3096,17,26,017026,27,2
3097,17,27,017027,25,3
3098,17,27,017027,26,2
3099,17,27,017027,26,3
3100,17,27,017027,27,2
3101,17,27,017027,27,3
3102,17,28,017028,25,3
3103,17,28,017028,25,4
3104,17,28,017028,26,3
3105,17,28,017028,26,4
3106,17,28,017028,27,3
3107,17,28,017028,27,4
3108,17,29,017029,25,4
3109,17,29,017029,25,5
3110,17,29,017029,26,4
3111,17,29,017029,26,5
3112,17,29,017029,27,4
3113,17,29,017029,27,5
3114,17,30,017030,25,5
3115,17,30,017030,25,6
3116,17,30,017030,26,5
3117,17,30,017030,26,6
3118,17,30,017030,27,5
3119,17,30,017030,27,6
3120,17,31,017031,25,6
3121,17,31,017031,25,7
3122,17,31,017031,26,6
3123,17,31,017031,26,7
3124,17,31,017031,27,6
3125,17,31,017031,27,7
3126,17,32,017032,25,7
3127,17,32,017032,25,8
3128,17,32,017032,25,9
3129,17,32,017032,26,7
3130,17,32,017032,26,8
3131,17,32,017032,26,9
3132,17,33,017033,25,8
3133,17,33,017033,25,9
3134,17,33,017033,25,10
3135,17,33,017033,26,8
3136,17,33,017033,26,9
3137,17,33,017033,26,10
3138,17,34,017034,25,10
3139,17,34,017034,25,11
3140,17,34,017034,26,10
3141,17,34,017034,26,11
3142,17,35,017035,25,11
3143,17,35,017035,25,12
3144,17,35,017035,26,11
3145,17,35,017035,26,12
3146,17,36,017036,25,12
3147,17,36,017036,25,13
3148,17,36,017036,26,12
3149,17,36,017036,26,13
3150,17,37,017037,25,13
3151,17,37,017037,25,14
3152,17,37,017037,26,13
3153,17,37,017037,26,14
3154,17,38,017038,25,14
3155,17,38,017038,25,15
3156,17,38,017038,26,14
3157,17,38,017038,26,15
3158,17,39,017039,25,15
3159,17,39,017039,25,16
3160,17,39,017039,26,15
3161,17,39,017039,26,16
3162,17,40,017040,25,16
3163,17,40,017040,25,17
3164,17,40,017040,26,16
3165,17,40,017040,26,17
3166,17,41,017041,24,17
3167,17,41,017041,24,18
3168,17,41,017041,25,17
3169,17,41,017041,25,18
3170,17,41,017041,26,17
3171,17,41,017041,26,18
3172,17,42,017042,24,18
3173,17,42,017042,24,19
3174,17,42,017042,25,18
3175,17,42,017042,25,19
3176,17,42,017042,26,18
3177,17,42,017042,26,19
3178,17,43,017043,24,19
3179,17,43,017043,24,20
3180,17,43,017043,25,19
3181,17,43,017043,25,20
3182,17,43,017043,26,19
3183,17,43,017043,26,20
3184,17,43,017043,25,21
3185,17,44,017044,24,20
3186,17,44,017044,25,20
3187,17,44,017044,25,21
3188,17,44,017044,24,21
3189,17,45,017045,24,21
3190,33,23,033023,14,0
3191,33,23,033023,15,0
3192,33,23,033023,16,0
3193,33,24,033024,14,0
3194,33,24,033024,14,1
3195,33,24,033024,15,0
3196,33,24,033024,15,1
3197,33,24,033024,16,0
3198,33,25,033025,14,1
3199,33,25,033025,14,2
3200,33,25,033025,15,1
3201,33,25,033025,15,2
3202,33,26,033026,13,2
3203,33,26,033026,13,3
3204,33,26,033026,14,2
3205,33,26,033026,14,3
3206,33,26,033026,15,2
3207,33,26,033026,15,3
3208,33,27,033027,13,3
3209,33,27,033027,13,4
3210,33,27,033027,14,3
3211,33,27,033027,14,4
3212,33,28,033028,13,4
3213,33,28,033028,13,5
3214,33,28,033028,14,4
3215,33,28,033028,14,5
3216,33,29,033029,12,5
3217,33,29,033029,12,6
3218,33,29,033029,13,5
3219,33,29,033029,13,6
3220,33,29,033029,14,5
3221,33,29,033029,14,6
3222,33,30,033030,12,6
3223,33,30,033030,12,7
3224,33,30,033030,13,6
3225,33,30,033030,13,7
3226,33,31,033031,12,7
3227,33,31,033031,12,8
3228,33,31,033031,13,7
3229,33,31,033031,13,8
3230,33,32,033032,11,8
3231,33,32,033032,11,9
3232,33,32,033032,12,8
3233,33,32,033032,12,9
3234,33,32,033032,13,8
3235,33,32,033032,13,9
3236,33,33,033033,11,9
3237,33,33,033033,11,10
3238,33,33,033033,12,9
3239,33,33,033033,12,10
3240,33,34,033034,11,10
3241,33,34,033034,11,11
3242,33,34,033034,12,10
3243,33,34,033034,12,11
3244,33,35,033035,10,11
3245,33,35,033035,10,12
3246,33,35,033035,11,11
3247,33,35,033035,11,12
3248,33,35,033035,12,11
3249,33,35,033035,12,12
3250,33,36,033036,10,12
3251,33,36,033036,10,13
3252,33,36,033036,11,12
3253,33,36,033036,11,13
3254,33,37,033037,9,14
3255,33,37,033037,10,13
3256,33,37,033037,10,14
3257,33,37,033037,11,13
3258,33,37,033037,11,14
3259,33,38,033038,9,14
3260,33,38,033038,9,15
3261,33,38,033038,10,14
3262,33,38,033038,10,15
3263,33,38,033038,10,16
3264,33,38,033038,11,14
3265,33,38,033038,11,15
3266,33,39,033039,9,15
3267,33,39,033039,9,16
3268,33,39,033039,10,15
3269,33,39,033039,10,16
3270,33,39,033039,10,17
3271,33,40,033040,8,17
3272,33,40,033040,9,16
3273,33,40,033040,9,17
3274,33,40,033040,9,18
3275,33,40,033040,10,16
3276,33,40,033040,10,17
3277,33,40,033040,10,18
3278,33,41,033041,8,17
3279,33,41,033041,8,18
3280,33,41,033041,9,17
3281,33,41,033041,9,18
3282,33,41,033041,9,19
3283,33,41,033041,10,17
3284,33,41,033041,10,18
3285,33,42,033042,8,18
3286,33,42,033042,8,19
3287,33,42,033042,8,20
3288,33,42,033042,9,18
3289,33,42,033042,9,19
3290,33,42,033042,9,20
3291,33,43,033043,7,19
3292,33,43,033043,7,20
3293,33,43,033043,8,19
3294,33,43,033043,8,20
3295,33,43,033043,9,19
3296,33,43,033043,9,20
3297,33,43,033043,8,21
3298,33,44,033044,7,20
3299,33,44,033044,8,20
3300,33,44,033044,8,21
3301,33,44,033044,7,21
3302,33,45,033045,8,21
3303,33,45,033045,7,21
3304,49,25,049025,2,0
3305,49,25,049025,3,0
3306,49,26,049026,2,0
3307,49,26,049026,2,1
3308,49,26,049026,3,0
3309,49,26,049026,3,1
3310,49,26,049026,1,0
3311,49,27,049027,2,0
3312,49,27,049027,2,1
3313,49,27,049027,2,2
3314,49,27,049027,1,0
3315,49,27,049027,1,1
3316,49,27,049027,1,2
3317,49,28,049028,2,2
3318,49,28,049028,0,1
3319,49,28,049028,1,1
3320,49,28,049028,1,2
3321,49,28,049028,0,2
3322,49,28,049028,1,3
3323,49,29,049029,1,2
3324,49,29,049029,0,2
3325,49,29,049029,1,3
3326,49,29,049029,0,3
3327,49,29,049029,1,4
3328,49,29,049029,0,4
3329,49,30,049030,0,3
3330,49,30,049030,0,4
3331,49,30,049030,0,5
3332,49,31,049031,0,4
3333,49,31,049031,0,5
3334,8,26,008026,32,0
3335,8,27,008027,32,1
3336,8,27,008027,32,0
3337,8,28,008028,32,2
3338,8,28,008028,32,1
3339,8,29,008029,32,3
3340,8,29,008029,32,2
3341,24,23,024023,21,0
3342,24,23,024023,22,0
3343,24,24,024024,21,0
3344,24,24,024024,21,1
3345,24,24,024024,22,0
3346,24,24,024024,22,1
3347,24,25,024025,20,1
3348,24,25,024025,20,2
3349,24,25,024025,21,1
3350,24,25,024025,21,2
3351,24,25,024025,22,1
3352,24,25,024025,22,2
3353,24,26,024026,20,2
3354,24,26,024026,20,3
3355,24,26,024026,21,2
3356,24,26,024026,21,3
3357,24,26,024026,22,2
3358,24,27,024027,20,3
3359,24,27,024027,20,4
3360,24,27,024027,21,3
3361,24,27,024027,21,4
3362,24,28,024028,20,4
3363,24,28,024028,20,5
3364,24,28,024028,21,4
3365,24,28,024028,21,5
3366,24,29,024029,20,5
3367,24,29,024029,20,6
3368,24,29,024029,21,5
3369,24,29,024029,21,6
3370,24,30,024030,19,7
3371,24,30,024030,20,6
3372,24,30,024030,20,7
3373,24,30,024030,21,6
3374,24,30,024030,21,7
3375,24,31,024031,19,7
3376,24,31,024031,19,8
3377,24,31,024031,20,7
3378,24,31,024031,20,8
3379,24,31,024031,21,7
3380,24,31,024031,21,8
3381,24,32,024032,19,8
3382,24,32,024032,19,9
3383,24,32,024032,20,8
3384,24,32,024032,20,9
3385,24,33,024033,19,9
3386,24,33,024033,19,10
3387,24,33,024033,20,9
3388,24,33,024033,20,10
3389,24,34,024034,19,10
3390,24,34,024034,19,11
3391,24,34,024034,20,10
3392,24,34,024034,20,11
3393,24,35,024035,18,12
3394,24,35,024035,19,11
3395,24,35,024035,19,12
3396,24,35,024035,19,13
3397,24,35,024035,20,11
3398,24,35,024035,20,12
3399,24,35,024035,20,13
3400,24,36,024036,18,12
3401,24,36,024036,18,13
3402,24,36,024036,18,14
3403,24,36,024036,19,12
3404,24,36,024036,19,13
3405,24,36,024036,19,14
3406,24,36,024036,20,12
3407,24,36,024036,20,13
3408,24,36,024036,20,14
3409,24,37,024037,18,13
3410,24,37,024037,18,14
3411,24,37,024037,18,15
3412,24,37,024037,19,13
3413,24,37,024037,19,14
3414,24,37,024037,19,15
3415,24,38,024038,18,14
3416,24,38,024038,18,15
3417,24,38,024038,18,16
3418,24,38,024038,19,15
3419,24,38,024038,19,16
3420,24,39,024039,18,16
3421,24,39,024039,18,17
3422,24,39,024039,19,16
3423,24,39,024039,19,17
3424,24,40,024040,17,17
3425,24,40,024040,17,18
3426,24,40,024040,18,17
3427,24,40,024040,18,18
3428,24,40,024040,19,17
3429,24,40,024040,19,18
3430,24,41,024041,17,18
3431,24,41,024041,17,19
3432,24,41,024041,18,18
3433,24,41,024041,18,19
3434,24,41,024041,19,18
3435,24,41,024041,19,19
3436,24,42,024042,17,19
3437,24,42,024042,17,20
3438,24,42,024042,18,19
3439,24,42,024042,18,20
3440,24,43,024043,17,20
3441,24,43,024043,18,20
3442,24,43,024043,18,21
3443,24,43,024043,17,21
3444,24,44,024044,18,21
3445,24,44,024044,17,21
3446,40,23,040023,10,0
3447,40,24,040024,9,0
3448,40,24,040024,10,0
3449,40,24,040024,10,1
3450,40,25,040025,8,1
3451,40,25,040025,9,0
3452,40,25,040025,9,1
3453,40,25,040025,9,2
3454,40,25,040025,10,0
3455,40,25,040025,10,1
3456,40,25,040025,10,2
3457,40,26,040026,8,1
3458,40,26,040026,8,2
3459,40,26,040026,9,1
3460,40,26,040026,9,2
3461,40,26,040026,9,3
3462,40,26,040026,10,1
3463,40,26,040026,10,2
3464,40,27,040027,7,3
3465,40,27,040027,8,2
3466,40,27,040027,8,3
3467,40,27,040027,9,2
3468,40,27,040027,9,3
3469,40,28,040028,7,3
3470,40,28,040028,7,4
3471,40,28,040028,8,3
3472,40,28,040028,8,4
3473,40,28,040028,9,3
3474,40,28,040028,9,4
3475,40,29,040029,7,4
3476,40,29,040029,7,5
3477,40,29,040029,8,4
3478,40,29,040029,8,5
3479,40,30,040030,6,5
3480,40,30,040030,6,6
3481,40,30,040030,7,5
3482,40,30,040030,7,6
3483,40,30,040030,8,5
3484,40,30,040030,8,6
3485,40,31,040031,6,6
3486,40,31,040031,6,7
3487,40,31,040031,7,6
3488,40,31,040031,7,7
3489,40,32,040032,5,7
3490,40,32,040032,5,8
3491,40,32,040032,6,7
3492,40,32,040032,6,8
3493,40,32,040032,7,7
3494,40,32,040032,7,8
3495,40,33,040033,5,8
3496,40,33,040033,5,9
3497,40,33,040033,6,8
3498,40,33,040033,6,9
3499,40,34,040034,4,9
3500,40,34,040034,4,10
3501,40,34,040034,5,9
3502,40,34,040034,5,10
3503,40,34,040034,6,9
3504,40,34,040034,6,10
3505,40,35,040035,4,10
3506,40,35,040035,4,11
3507,40,35,040035,5,10
3508,40,35,040035,5,11
3509,40,36,040036,3,12
3510,40,36,040036,4,11
3511,40,36,040036,4,12
3512,40,36,040036,5,11
3513,40,36,040036,5,12
3514,40,37,040037,3,12
3515,40,37,040037,3,13
3516,40,37,040037,4,12
3517,40,37,040037,4,13
3518,40,38,040038,2,14
3519,40,38,040038,3,13
3520,40,38,040038,3,14
3521,40,38,040038,4,13
3522,40,38,040038,4,14
3523,40,39,040039,2,14
3524,40,39,040039,2,15
3525,40,39,040039,3,14
3526,40,39,040039,3,15
3527,40,40,040040,2,15
3528,40,40,040040,2,16
3529,40,40,040040,3,15
3530,40,40,040040,3,16
3531,40,40,040040,1,16
3532,40,41,040041,2,16
3533,40,41,040041,2,17
3534,40,41,040041,3,16
3535,40,41,040041,1,16
3536,40,41,040041,1,17
3537,40,42,040042,2,17
3538,40,42,040042,2,18
3539,40,42,040042,1,17
3540,40,42,040042,1,18
3541,40,42,040042,0,18
3542,40,43,040043,2,18
3543,40,43,040043,1,18
3544,40,43,040043,1,19
3545,40,43,040043,0,18
3546,40,43,040043,0,19
3547,40,44,040044,1,19
3548,40,44,040044,1,20
3549,40,44,040044,0,19
3550,40,44,040044,0,20
3551,40,45,040045,1,20
3552,40,45,040045,0,20
3553,40,45,040045,0,21
3554,40,46,040046,0,21
3555,15,24,015024,27,0
3556,15,24,015024,28,0
3557,15,25,015025,27,0
3558,15,25,015025,27,1
3559,15,25,015025,28,0
3560,15,25,015025,28,1
3561,15,26,015026,27,1
3562,15,26,015026,27,2
3563,15,26,015026,28,1
3564,15,26,015026,28,2
3565,15,27,015027,27,2
3566,15,27,015027,27,3
3567,15,27,015027,28,2
3568,15,27,015027,28,3
3569,15,28,015028,27,3
3570,15,28,015028,27,4
3571,15,28,015028,28,3
3572,15,28,015028,28,4
3573,15,29,015029,27,4
3574,15,29,015029,27,5
3575,15,29,015029,28,4
3576,15,29,015029,28,5
3577,15,30,015030,27,5
3578,15,30,015030,27,6
3579,15,30,015030,28,5
3580,15,30,015030,28,6
3581,15,31,015031,27,6
3582,15,31,015031,27,7
3583,15,31,015031,28,6
3584,15,31,015031,28,7
3585,15,32,015032,27,7
3586,15,32,015032,27,8
3587,15,32,015032,28,7
3588,15,32,015032,28,8
3589,15,33,015033,27,8
3590,15,33,015033,27,9
3591,15,33,015033,28,8
3592,15,33,015033,28,9
3593,15,34,015034,27,9
3594,15,34,015034,27,10
3595,15,34,015034,28,9
3596,15,34,015034,28,10
3597,15,35,015035,27,10
3598,15,35,015035,27,11
3599,15,35,015035,27,12
3600,15,35,015035,28,10
3601,15,35,015035,28,11
3602,15,35,015035,28,12
3603,15,36,015036,27,11
3604,15,36,015036,27,12
3605,15,36,015036,27,13
3606,15,36,015036,28,11
3607,15,36,015036,28,12
3608,15,36,015036,28,13
3609,15,37,015037,27,13
3610,15,37,015037,27,14
3611,15,37,015037,28,13
3612,15,37,015037,28,14
3613,15,38,015038,27,14
3614,15,38,015038,27,15
3615,15,38,015038,28,14
3616,15,38,015038,28,15
3617,15,39,015039,27,15
3618,15,39,015039,27,16
3619,15,39,015039,28,15
3620,15,39,015039,28,16
3621,15,40,015040,27,16
3622,15,40,015040,27,17
3623,15,40,015040,28,16
3624,15,40,015040,28,17
3625,15,41,015041,26,17
3626,15,41,015041,26,18
3627,15,41,015041,27,17
3628,15,41,015041,27,18
3629,15,41,015041,28,17
3630,15,41,015041,28,18
3631,15,42,015042,26,18
3632,15,42,015042,26,19
3633,15,42,015042,27,18
3634,15,42,015042,27,19
3635,15,42,015042,28,18
3636,15,42,015042,28,19
3637,15,43,015043,26,19
3638,15,43,015043,26,20
3639,15,43,015043,27,19
3640,15,43,015043,27,20
3641,15,43,015043,28,19
3642,15,43,015043,28,20
3643,15,44,015044,26,20
3644,15,44,015044,27,20
3645,15,44,015044,28,20
3646,15,44,015044,28,21
3647,15,44,015044,27,21
3648,15,44,015044,26,21
3649,15,45,015045,27,21
3650,15,45,015045,26,21
3651,31,23,031023,16,0
3652,31,23,031023,17,0
3653,31,24,031024,15,0
3654,31,24,031024,15,1
3655,31,24,031024,16,0
3656,31,24,031024,16,1
3657,31,24,031024,17,0
3658,31,24,031024,17,1
3659,31,25,031025,15,1
3660,31,25,031025,15,2
3661,31,25,031025,16,1
3662,31,25,031025,16,2
3663,31,25,031025,17,1
3664,31,26,031026,15,2
3665,31,26,031026,15,3
3666,31,26,031026,16,2
3667,31,26,031026,16,3
3668,31,27,031027,14,4
3669,31,27,031027,15,3
3670,31,27,031027,15,4
3671,31,27,031027,16,3
3672,31,27,031027,16,4
3673,31,28,031028,14,4
3674,31,28,031028,14,5
3675,31,28,031028,15,4
3676,31,28,031028,15,5
3677,31,28,031028,16,4
3678,31,28,031028,16,5
3679,31,29,031029,14,5
3680,31,29,031029,14,6
3681,31,29,031029,15,5
3682,31,29,031029,15,6
3683,31,30,031030,14,6
3684,31,30,031030,14,7
3685,31,30,031030,15,6
3686,31,30,031030,15,7
3687,31,31,031031,13,7
3688,31,31,031031,13,8
3689,31,31,031031,14,7
3690,31,31,031031,14,8
3691,31,31,031031,15,7
3692,31,31,031031,15,8
3693,31,32,031032,13,8
3694,31,32,031032,13,9
3695,31,32,031032,14,8
3696,31,32,031032,14,9
3697,31,33,031033,13,9
3698,31,33,031033,13,10
3699,31,33,031033,14,9
3700,31,33,031033,14,10
3701,31,34,031034,12,11
3702,31,34,031034,13,10
3703,31,34,031034,13,11
3704,31,34,031034,14,10
3705,31,34,031034,14,11
3706,31,35,031035,12,11
3707,31,35,031035,12,12
3708,31,35,031035,13,11
3709,31,35,031035,13,12
3710,31,35,031035,13,13
3711,31,35,031035,14,11
3712,31,36,031036,12,12
3713,31,36,031036,12,13
3714,31,36,031036,12,14
3715,31,36,031036,13,12
3716,31,36,031036,13,13
3717,31,36,031036,13,14
3718,31,37,031037,11,14
3719,31,37,031037,12,13
3720,31,37,031037,12,14
3721,31,37,031037,12,15
3722,31,37,031037,13,13
3723,31,37,031037,13,14
3724,31,37,031037,13,15
3725,31,38,031038,11,14
3726,31,38,031038,11,15
3727,31,38,031038,11,16
3728,31,38,031038,12,14
3729,31,38,031038,12,15
3730,31,38,031038,12,16
3731,31,38,031038,13,15
3732,31,39,031039,11,15
3733,31,39,031039,11,16
3734,31,39,031039,11,17
3735,31,39,031039,12,15
3736,31,39,031039,12,16
3737,31,39,031039,12,17
3738,31,40,031040,10,17
3739,31,40,031040,11,16
3740,31,40,031040,11,17
3741,31,40,031040,11,18
3742,31,40,031040,12,17
3743,31,40,031040,12,18
3744,31,41,031041,10,17
3745,31,41,031041,10,18
3746,31,41,031041,10,19
3747,31,41,031041,11,17
3748,31,41,031041,11,18
3749,31,41,031041,11,19
3750,31,41,031041,12,18
3751,31,42,031042,10,18
3752,31,42,031042,10,19
3753,31,42,031042,10,20
3754,31,42,031042,11,19
3755,31,42,031042,11,20
3756,31,43,031043,9,20
3757,31,43,031043,10,19
3758,31,43,031043,10,20
3759,31,43,031043,11,20
3760,31,43,031043,11,21
3761,31,43,031043,10,21
3762,31,43,031043,9,21
3763,31,44,031044,9,20
3764,31,44,031044,11,21
3765,31,44,031044,10,21
3766,31,44,031044,9,21
3767,31,45,031045,9,21
3768,47,24,047024,5,0
3769,47,25,047025,3,0
3770,47,25,047025,4,0
3771,47,25,047025,5,0
3772,47,26,047026,3,0
3773,47,26,047026,3,1
3774,47,26,047026,4,0
3775,47,26,047026,4,1
3776,47,27,047027,2,1
3777,47,27,047027,2,2
3778,47,27,047027,3,1
3779,47,27,047027,3,2
3780,47,27,047027,4,1
3781,47,27,047027,4,2
3782,47,28,047028,2,2
3783,47,28,047028,2,3
3784,47,28,047028,3,2
3785,47,28,047028,3,3
3786,47,29,047029,2,3
3787,47,29,047029,2,4
3788,47,29,047029,3,3
3789,47,29,047029,1,3
3790,47,29,047029,1,4
3791,47,30,047030,2,4
3792,47,30,047030,2,5
3793,47,30,047030,1,3
3794,47,30,047030,1,4
3795,47,30,047030,0,4
3796,47,30,047030,1,5
3797,47,30,047030,0,5
3798,47,31,047031,2,5
3799,47,31,047031,1,4
3800,47,31,047031,0,4
3801,47,31,047031,1,5
3802,47,31,047031,0,5
3803,47,31,047031,1,6
3804,47,31,047031,0,6
3805,47,32,047032,0,5
3806,47,32,047032,1,6
3807,47,32,047032,0,6
3808,47,32,047032,1,7
3809,47,32,047032,0,7
3810,47,33,047033,0,6
3811,47,33,047033,0,7
3812,47,33,047033,0,8
3813,47,34,047034,0,8
3814,22,23,022023,23,0
3815,22,24,022024,22,0
3816,22,24,022024,22,1
3817,22,24,022024,23,0
3818,22,24,022024,23,1
3819,22,25,022025,22,0
3820,22,25,022025,22,1
3821,22,25,022025,22,2
3822,22,25,022025,23,0
3823,22,25,022025,23,1
3824,22,25,022025,23,2
3825,22,26,022026,22,1
3826,22,26,022026,22,2
3827,22,26,022026,22,3
3828,22,26,022026,23,2
3829,22,26,022026,23,3
3830,22,27,022027,22,3
3831,22,27,022027,22,4
3832,22,27,022027,23,3
3833,22,27,022027,23,4
3834,22,28,022028,21,4
3835,22,28,022028,21,5
3836,22,28,022028,22,4
3837,22,28,022028,22,5
3838,22,28,022028,23,4
3839,22,28,022028,23,5
3840,22,29,022029,21,5
3841,22,29,022029,21,6
3842,22,29,022029,22,5
3843,22,29,022029,22,6
3844,22,29,022029,23,5
3845,22,29,022029,23,6
3846,22,30,022030,21,6
3847,22,30,022030,21,7
3848,22,30,022030,22,6
3849,22,30,022030,22,7
3850,22,30,022030,23,6
3851,22,31,022031,21,7
3852,22,31,022031,21,8
3853,22,31,022031,22,7
3854,22,31,022031,22,8
3855,22,32,022032,21,8
3856,22,32,022032,21,9
3857,22,32,022032,22,8
3858,22,32,022032,22,9
3859,22,33,022033,21,9
3860,22,33,022033,21,10
3861,22,33,022033,22,9
3862,22,33,022033,22,10
3863,22,34,022034,20,11
3864,22,34,022034,21,10
3865,22,34,022034,21,11
3866,22,34,022034,22,10
3867,22,34,022034,22,11
3868,22,35,022035,20,11
3869,22,35,022035,20,12
3870,22,35,022035,21,11
3871,22,35,022035,21,12
3872,22,35,022035,22,11
3873,22,35,022035,22,12
3874,22,36,022036,20,12
3875,22,36,022036,20,13
3876,22,36,022036,21,12
3877,22,36,022036,21,13
3878,22,36,022036,21,14
3879,22,36,022036,22,12
3880,22,36,022036,22,13
3881,22,37,022037,20,13
3882,22,37,022037,20,14
3883,22,37,022037,20,15
3884,22,37,022037,21,13
3885,22,37,022037,21,14
3886,22,37,022037,21,15
3887,22,38,022038,20,14
3888,22,38,022038,20,15
3889,22,38,022038,20,16
3890,22,38,022038,21,14
3891,22,38,022038,21,15
3892,22,38,022038,21,16
3893,22,39,022039,20,15
3894,22,39,022039,20,16
3895,22,39,022039,20,17
3896,22,39,022039,21,16
3897,22,39,022039,21,17
3898,22,40,022040,19,17
3899,22,40,022040,19,18
3900,22,40,022040,20,17
3901,22,40,022040,20,18
3902,22,40,022040,21,17
3903,22,40,022040,21,18
3904,22,41,022041,19,18
3905,22,41,022041,19,19
3906,22,41,022041,20,18
3907,22,41,022041,20,19
3908,22,41,022041,21,18
3909,22,41,022041,21,19
3910,22,42,022042,19,19
3911,22,42,022042,19,20
3912,22,42,022042,20,19
3913,22,42,022042,20,20
3914,22,42,022042,21,19
3915,22,43,022043,19,20
3916,22,43,022043,20,20
3917,22,43,022043,20,21
3918,22,43,022043,19,21
3919,22,44,022044,20,21
3920,22,44,022044,19,21
3921,38,23,038023,11,0
3922,38,23,038023,12,0
3923,38,24,038024,10,0
3924,38,24,038024,11,0
3925,38,24,038024,11,1
3926,38,24,038024,12,0
3927,38,24,038024,12,1
3928,38,25,038025,10,0
3929,38,25,038025,10,1
3930,38,25,038025,10,2
3931,38,25,038025,11,0
3932,38,25,038025,11,1
3933,38,25,038025,11,2
3934,38,26,038026,9,2
3935,38,26,038026,10,1
3936,38,26,038026,10,2
3937,38,26,038026,10,3
3938,38,26,038026,11,2
3939,38,26,038026,11,3
3940,38,27,038027,9,2
3941,38,27,038027,9,3
3942,38,27,038027,10,2
3943,38,27,038027,10,3
3944,38,27,038027,10,4
3945,38,27,038027,11,3
3946,38,28,038028,9,3
3947,38,28,038028,9,4
3948,38,28,038028,9,5
3949,38,28,038028,10,3
3950,38,28,038028,10,4
3951,38,28,038028,10,5
3952,38,29,038029,8,4
3953,38,29,038029,8,5
3954,38,29,038029,9,4
3955,38,29,038029,9,5
3956,38,29,038029,9,6
3957,38,29,038029,10,5
3958,38,30,038030,8,5
3959,38,30,038030,8,6
3960,38,30,038030,8,7
3961,38,30,038030,9,5
3962,38,30,038030,9,6
3963,38,30,038030,9,7
3964,38,31,038031,7,7
3965,38,31,038031,8,6
3966,38,31,038031,8,7
3967,38,31,038031,8,8
3968,38,31,038031,9,7
3969,38,31,038031,9,8
3970,38,32,038032,7,7
3971,38,32,038032,7,8
3972,38,32,038032,7,9
3973,38,32,038032,8,7
3974,38,32,038032,8,8
3975,38,32,038032,8,9
3976,38,33,038033,6,9
3977,38,33,038033,7,8
3978,38,33,038033,7,9
3979,38,33,038033,7,10
3980,38,33,038033,8,9
3981,38,33,038033,8,10
3982,38,34,038034,6,9
3983,38,34,038034,6,10
3984,38,34,038034,6,11
3985,38,34,038034,7,9
3986,38,34,038034,7,10
3987,38,34,038034,7,11
3988,38,34,038034,8,10
3989,38,35,038035,6,10
3990,38,35,038035,6,11
3991,38,35,038035,6,12
3992,38,35,038035,7,10
3993,38,35,038035,7,11
3994,38,35,038035,7,12
3995,38,36,038036,5,12
3996,38,36,038036,6,11
3997,38,36,038036,6,12
3998,38,36,038036,6,13
3999,38,36,038036,7,12
4000,38,37,038037,5,12
4001,38,37,038037,5,13
4002,38,37,038037,5,14
4003,38,37,038037,6,12
4004,38,37,038037,6,13
4005,38,37,038037,6,14
4006,38,38,038038,4,14
4007,38,38,038038,5,13
4008,38,38,038038,5,14
4009,38,38,038038,5,15
4010,38,38,038038,6,14
4011,38,38,038038,6,15
4012,38,39,038039,4,14
4013,38,39,038039,4,15
4014,38,39,038039,4,16
4015,38,39,038039,5,14
4016,38,39,038039,5,15
4017,38,39,038039,5,16
4018,38,40,038040,3,16
4019,38,40,038040,4,15
4020,38,40,038040,4,16
4021,38,40,038040,4,17
4022,38,40,038040,5,16
4023,38,40,038040,5,17
4024,38,41,038041,3,16
4025,38,41,038041,3,17
4026,38,41,038041,3,18
4027,38,41,038041,4,16
4028,38,41,038041,4,17
4029,38,41,038041,4,18
4030,38,41,038041,5,17
4031,38,42,038042,2,18
4032,38,42,038042,3,17
4033,38,42,038042,3,18
4034,38,42,038042,3,19
4035,38,42,038042,4,17
4036,38,42,038042,4,18
4037,38,42,038042,4,19
4038,38,43,038043,2,18
4039,38,43,038043,2,19
4040,38,43,038043,3,18
4041,38,43,038043,3,19
4042,38,43,038043,3,20
4043,38,43,038043,4,19
4044,38,44,038044,2,19
4045,38,44,038044,2,20
4046,38,44,038044,3,19
4047,38,44,038044,3,20
4048,38,44,038044,3,21
4049,38,44,038044,2,21
4050,38,45,038045,2,20
4051,38,45,038045,1,20
4052,38,45,038045,3,21
4053,38,45,038045,2,21
4054,38,45,038045,1,21
4055,38,46,038046,2,21
4056,38,46,038046,1,21
