OID_,Join_Count,TARGET_FID,JOIN_FID,PATH,ROW,PR,h,v
0,1,6,0,13,27,013027,29,2
1,1,7,0,13,27,013027,29,1
2,1,8,0,13,27,013027,30,2
3,1,9,0,13,27,013027,30,1
4,1,10,0,13,28,013028,29,3
5,1,11,0,13,28,013028,29,2
6,1,12,0,13,28,013028,30,3
7,1,13,0,13,28,013028,30,2
8,1,14,0,13,29,013029,29,5
9,1,15,0,13,29,013029,29,4
10,1,16,0,13,29,013029,29,3
11,1,17,0,13,29,013029,30,5
12,1,18,0,13,29,013029,30,4
13,1,19,0,13,29,013029,30,3
14,1,20,0,13,30,013030,29,6
15,1,21,0,13,30,013030,30,6
16,1,22,0,13,30,013030,29,5
17,1,23,0,13,30,013030,29,4
18,1,24,0,13,30,013030,30,5
19,1,25,0,13,30,013030,30,4
20,1,26,0,13,31,013031,29,7
21,1,27,0,13,31,013031,29,6
22,1,28,0,13,31,013031,30,7
23,1,29,0,13,31,013031,30,6
24,1,30,0,13,32,013032,29,8
25,1,31,0,13,32,013032,29,7
26,1,32,0,13,32,013032,30,8
27,1,33,0,13,32,013032,30,7
28,1,34,0,13,33,013033,29,9
29,1,35,0,13,33,013033,29,8
30,1,36,0,13,33,013033,30,9
31,1,37,0,13,33,013033,30,8
32,1,42,0,13,35,013035,29,11
33,1,43,0,13,35,013035,29,10
34,1,44,0,13,35,013035,30,11
35,1,45,0,13,35,013035,30,10
36,1,46,0,13,36,013036,29,12
37,1,47,0,13,36,013036,30,12
38,1,48,0,13,36,013036,29,11
39,1,49,0,13,36,013036,30,11
40,1,107,0,29,26,029026,16,2
41,1,108,0,29,26,029026,16,3
42,1,109,0,29,26,029026,17,2
43,1,110,0,29,26,029026,17,3
44,1,111,0,29,26,029026,18,2
45,1,112,0,29,26,029026,18,3
46,1,113,0,29,27,029027,16,3
47,1,114,0,29,27,029027,16,4
48,1,115,0,29,27,029027,17,3
49,1,116,0,29,27,029027,17,4
50,1,117,0,29,27,029027,18,3
51,1,118,0,29,28,029028,16,4
52,1,119,0,29,28,029028,16,5
53,1,120,0,29,28,029028,17,4
54,1,121,0,29,28,029028,17,5
55,1,122,0,29,29,029029,16,5
56,1,123,0,29,29,029029,16,6
57,1,124,0,29,29,029029,17,5
58,1,125,0,29,29,029029,17,6
59,1,126,0,29,30,029030,15,6
60,1,127,0,29,30,029030,15,7
61,1,128,0,29,30,029030,16,6
62,1,129,0,29,30,029030,16,7
63,1,130,0,29,30,029030,17,6
64,1,131,0,29,30,029030,17,7
65,1,132,0,29,31,029031,15,7
66,1,133,0,29,31,029031,15,8
67,1,134,0,29,31,029031,16,7
68,1,135,0,29,31,029031,16,8
69,1,136,0,29,32,029032,15,8
70,1,137,0,29,32,029032,15,9
71,1,138,0,29,32,029032,16,8
72,1,139,0,29,32,029032,16,9
73,1,140,0,29,33,029033,14,10
74,1,141,0,29,33,029033,15,9
75,1,142,0,29,33,029033,15,10
76,1,143,0,29,33,029033,16,9
77,1,144,0,29,33,029033,16,10
78,1,145,0,29,33,029033,16,11
79,1,146,0,29,34,029034,14,10
80,1,147,0,29,34,029034,14,11
81,1,148,0,29,34,029034,15,10
82,1,149,0,29,34,029034,15,11
83,1,150,0,29,34,029034,15,12
84,1,151,0,29,34,029034,16,10
85,1,152,0,29,34,029034,16,11
86,1,153,0,29,35,029035,14,11
87,1,154,0,29,35,029035,14,12
88,1,155,0,29,35,029035,14,13
89,1,156,0,29,35,029035,15,11
90,1,157,0,29,35,029035,15,12
91,1,158,0,29,35,029035,15,13
92,1,159,0,29,36,029036,14,12
93,1,160,0,29,36,029036,14,13
94,1,161,0,29,36,029036,14,14
95,1,162,0,29,36,029036,15,12
96,1,163,0,29,36,029036,15,13
97,1,164,0,29,36,029036,15,14
98,1,165,0,29,37,029037,13,14
99,1,166,0,29,37,029037,13,15
100,1,167,0,29,37,029037,14,13
101,1,168,0,29,37,029037,14,14
102,1,169,0,29,37,029037,14,15
103,1,170,0,29,37,029037,15,14
104,1,171,0,29,37,029037,15,15
105,1,172,0,29,38,029038,13,14
106,1,173,0,29,38,029038,13,15
107,1,174,0,29,38,029038,13,16
108,1,175,0,29,38,029038,14,14
109,1,176,0,29,38,029038,14,15
110,1,177,0,29,38,029038,14,16
111,1,178,0,29,39,029039,13,15
112,1,179,0,29,39,029039,13,16
113,1,180,0,29,39,029039,13,17
114,1,181,0,29,39,029039,14,16
115,1,182,0,29,39,029039,14,17
116,1,183,0,29,40,029040,12,17
117,1,184,0,29,40,029040,12,18
118,1,185,0,29,40,029040,13,17
119,1,186,0,29,40,029040,13,18
120,1,187,0,29,40,029040,14,17
121,1,188,0,29,40,029040,14,18
122,1,212,0,45,26,045026,4,1
123,1,213,0,45,26,045026,5,0
124,1,214,0,45,26,045026,5,1
125,1,215,0,45,26,045026,5,2
126,1,216,0,45,26,045026,6,1
127,1,217,0,45,27,045027,4,1
128,1,218,0,45,27,045027,4,2
129,1,219,0,45,27,045027,4,3
130,1,220,0,45,27,045027,5,1
131,1,221,0,45,27,045027,5,2
132,1,222,0,45,27,045027,5,3
133,1,223,0,45,28,045028,3,2
134,1,224,0,45,28,045028,3,3
135,1,225,0,45,28,045028,4,2
136,1,226,0,45,28,045028,4,3
137,1,227,0,45,28,045028,4,4
138,1,228,0,45,28,045028,5,3
139,1,229,0,45,29,045029,3,3
140,1,230,0,45,29,045029,3,4
141,1,231,0,45,29,045029,3,5
142,1,232,0,45,29,045029,4,3
143,1,233,0,45,29,045029,4,4
144,1,234,0,45,29,045029,4,5
145,1,235,0,45,30,045030,2,4
146,1,236,0,45,30,045030,2,5
147,1,237,0,45,30,045030,3,4
148,1,238,0,45,30,045030,3,5
149,1,239,0,45,30,045030,3,6
150,1,240,0,45,30,045030,4,4
151,1,241,0,45,30,045030,4,5
152,1,242,0,45,31,045031,2,5
153,1,243,0,45,31,045031,2,6
154,1,244,0,45,31,045031,3,5
155,1,245,0,45,31,045031,3,6
156,1,246,0,45,31,045031,1,6
157,1,247,0,45,32,045032,2,6
158,1,248,0,45,32,045032,2,7
159,1,249,0,45,32,045032,3,6
160,1,250,0,45,32,045032,3,7
161,1,251,0,45,32,045032,1,6
162,1,252,0,45,32,045032,1,7
163,1,253,0,45,33,045033,2,7
164,1,254,0,45,33,045033,2,8
165,1,255,0,45,33,045033,1,7
166,1,256,0,45,33,045033,1,8
167,1,257,0,45,33,045033,0,8
168,1,258,0,45,34,045034,1,8
169,1,259,0,45,34,045034,0,8
170,1,260,0,45,34,045034,1,9
171,1,261,0,45,34,045034,0,9
172,1,290,0,20,28,020028,23,3
173,1,291,0,20,28,020028,23,4
174,1,292,0,20,28,020028,23,5
175,1,293,0,20,28,020028,24,3
176,1,294,0,20,28,020028,24,4
177,1,295,0,20,28,020028,24,5
178,1,296,0,20,29,020029,23,4
179,1,297,0,20,29,020029,23,5
180,1,298,0,20,29,020029,23,6
181,1,299,0,20,29,020029,24,5
182,1,300,0,20,29,020029,24,6
183,1,301,0,20,30,020030,23,6
184,1,302,0,20,30,020030,23,7
185,1,303,0,20,30,020030,24,6
186,1,304,0,20,30,020030,24,7
187,1,305,0,20,31,020031,23,7
188,1,306,0,20,31,020031,23,8
189,1,307,0,20,31,020031,24,7
190,1,308,0,20,31,020031,24,8
191,1,309,0,20,32,020032,23,8
192,1,310,0,20,32,020032,23,9
193,1,311,0,20,32,020032,24,8
194,1,312,0,20,32,020032,24,9
195,1,313,0,20,33,020033,22,9
196,1,314,0,20,33,020033,22,10
197,1,315,0,20,33,020033,23,9
198,1,316,0,20,33,020033,23,10
199,1,317,0,20,33,020033,24,9
200,1,318,0,20,33,020033,24,10
201,1,319,0,20,34,020034,22,10
202,1,320,0,20,34,020034,22,11
203,1,321,0,20,34,020034,23,10
204,1,322,0,20,34,020034,23,11
205,1,323,0,20,34,020034,24,10
206,1,324,0,20,34,020034,24,11
207,1,325,0,20,35,020035,22,11
208,1,326,0,20,35,020035,22,12
209,1,327,0,20,35,020035,23,11
210,1,328,0,20,35,020035,23,12
211,1,329,0,20,35,020035,24,11
212,1,330,0,20,36,020036,22,12
213,1,331,0,20,36,020036,22,13
214,1,332,0,20,36,020036,23,12
215,1,333,0,20,36,020036,23,13
216,1,334,0,20,37,020037,22,13
217,1,335,0,20,37,020037,22,14
218,1,336,0,20,37,020037,23,13
219,1,337,0,20,37,020037,23,14
220,1,338,0,20,38,020038,22,14
221,1,339,0,20,38,020038,22,15
222,1,340,0,20,38,020038,23,14
223,1,341,0,20,38,020038,23,15
224,1,342,0,20,39,020039,22,15
225,1,343,0,20,39,020039,22,16
226,1,344,0,20,39,020039,22,17
227,1,345,0,20,39,020039,23,15
228,1,346,0,20,39,020039,23,16
229,1,347,0,20,39,020039,23,17
230,1,385,0,36,26,036026,11,1
231,1,386,0,36,26,036026,11,2
232,1,387,0,36,26,036026,11,3
233,1,388,0,36,26,036026,12,2
234,1,389,0,36,26,036026,12,3
235,1,390,0,36,26,036026,13,2
236,1,391,0,36,27,036027,11,2
237,1,392,0,36,27,036027,11,3
238,1,393,0,36,27,036027,11,4
239,1,394,0,36,27,036027,12,3
240,1,395,0,36,27,036027,12,4
241,1,396,0,36,28,036028,10,4
242,1,397,0,36,28,036028,10,5
243,1,398,0,36,28,036028,11,3
244,1,399,0,36,28,036028,11,4
245,1,400,0,36,28,036028,11,5
246,1,401,0,36,28,036028,12,4
247,1,402,0,36,28,036028,12,5
248,1,403,0,36,29,036029,10,4
249,1,404,0,36,29,036029,10,5
250,1,405,0,36,29,036029,10,6
251,1,406,0,36,29,036029,11,5
252,1,407,0,36,29,036029,11,6
253,1,408,0,36,30,036030,9,6
254,1,409,0,36,30,036030,9,7
255,1,410,0,36,30,036030,10,6
256,1,411,0,36,30,036030,10,7
257,1,412,0,36,30,036030,11,6
258,1,413,0,36,30,036030,11,7
259,1,414,0,36,31,036031,9,7
260,1,415,0,36,31,036031,9,8
261,1,416,0,36,31,036031,10,7
262,1,417,0,36,31,036031,10,8
263,1,418,0,36,31,036031,11,7
264,1,419,0,36,32,036032,9,8
265,1,420,0,36,32,036032,9,9
266,1,421,0,36,32,036032,10,8
267,1,422,0,36,32,036032,10,9
268,1,423,0,36,33,036033,8,9
269,1,424,0,36,33,036033,8,10
270,1,425,0,36,33,036033,9,9
271,1,426,0,36,33,036033,9,10
272,1,427,0,36,33,036033,10,9
273,1,428,0,36,33,036033,10,10
274,1,429,0,36,34,036034,8,10
275,1,430,0,36,34,036034,8,11
276,1,431,0,36,34,036034,9,10
277,1,432,0,36,34,036034,9,11
278,1,433,0,36,35,036035,7,11
279,1,434,0,36,35,036035,7,12
280,1,435,0,36,35,036035,8,11
281,1,436,0,36,35,036035,8,12
282,1,437,0,36,35,036035,9,11
283,1,438,0,36,35,036035,9,12
284,1,439,0,36,36,036036,7,12
285,1,440,0,36,36,036036,7,13
286,1,441,0,36,36,036036,8,12
287,1,442,0,36,36,036036,8,13
288,1,443,0,36,36,036036,9,12
289,1,444,0,36,37,036037,7,13
290,1,445,0,36,37,036037,7,14
291,1,446,0,36,37,036037,8,13
292,1,447,0,36,37,036037,8,14
293,1,448,0,36,38,036038,6,14
294,1,449,0,36,38,036038,6,15
295,1,450,0,36,38,036038,7,14
296,1,451,0,36,38,036038,7,15
297,1,452,0,36,38,036038,8,14
298,1,453,0,36,38,036038,8,15
299,1,497,0,11,27,011027,30,2
300,1,498,0,11,27,011027,30,1
301,1,499,0,11,27,011027,31,2
302,1,500,0,11,27,011027,31,1
303,1,501,0,11,28,011028,30,3
304,1,502,0,11,28,011028,30,2
305,1,503,0,11,28,011028,31,3
306,1,504,0,11,28,011028,31,2
307,1,505,0,11,29,011029,30,4
308,1,506,0,11,29,011029,30,3
309,1,507,0,11,29,011029,31,4
310,1,508,0,11,29,011029,31,3
311,1,509,0,11,30,011030,30,5
312,1,510,0,11,30,011030,30,4
313,1,511,0,11,30,011030,31,5
314,1,512,0,11,30,011030,31,4
315,1,513,0,11,31,011031,30,6
316,1,514,0,11,31,011031,31,6
317,1,515,0,11,31,011031,30,5
318,1,516,0,11,31,011031,31,5
319,1,619,0,27,26,027026,18,2
320,1,620,0,27,26,027026,18,3
321,1,621,0,27,26,027026,19,2
322,1,622,0,27,26,027026,19,3
323,1,623,0,27,27,027027,18,3
324,1,624,0,27,27,027027,18,4
325,1,625,0,27,27,027027,19,3
326,1,626,0,27,27,027027,19,4
327,1,627,0,27,28,027028,17,5
328,1,628,0,27,28,027028,18,4
329,1,629,0,27,28,027028,18,5
330,1,630,0,27,28,027028,19,4
331,1,631,0,27,28,027028,19,5
332,1,632,0,27,29,027029,17,5
333,1,633,0,27,29,027029,17,6
334,1,634,0,27,29,027029,18,5
335,1,635,0,27,29,027029,18,6
336,1,636,0,27,29,027029,19,5
337,1,637,0,27,29,027029,19,6
338,1,638,0,27,30,027030,17,6
339,1,639,0,27,30,027030,17,7
340,1,640,0,27,30,027030,18,6
341,1,641,0,27,30,027030,18,7
342,1,642,0,27,31,027031,17,7
343,1,643,0,27,31,027031,17,8
344,1,644,0,27,31,027031,18,7
345,1,645,0,27,31,027031,18,8
346,1,646,0,27,32,027032,16,9
347,1,647,0,27,32,027032,17,8
348,1,648,0,27,32,027032,17,9
349,1,649,0,27,32,027032,18,8
350,1,650,0,27,32,027032,18,9
351,1,651,0,27,33,027033,16,9
352,1,652,0,27,33,027033,16,10
353,1,653,0,27,33,027033,17,9
354,1,654,0,27,33,027033,17,10
355,1,655,0,27,33,027033,17,11
356,1,656,0,27,33,027033,18,9
357,1,657,0,27,33,027033,18,10
358,1,658,0,27,34,027034,16,10
359,1,659,0,27,34,027034,16,11
360,1,660,0,27,34,027034,17,10
361,1,661,0,27,34,027034,17,11
362,1,662,0,27,34,027034,17,12
363,1,663,0,27,35,027035,16,11
364,1,664,0,27,35,027035,16,12
365,1,665,0,27,35,027035,16,13
366,1,666,0,27,35,027035,17,11
367,1,667,0,27,35,027035,17,12
368,1,668,0,27,35,027035,17,13
369,1,669,0,27,36,027036,15,13
370,1,670,0,27,36,027036,16,12
371,1,671,0,27,36,027036,16,13
372,1,672,0,27,36,027036,16,14
373,1,673,0,27,36,027036,17,13
374,1,674,0,27,36,027036,17,14
375,1,675,0,27,37,027037,15,13
376,1,676,0,27,37,027037,15,14
377,1,677,0,27,37,027037,15,15
378,1,678,0,27,37,027037,16,13
379,1,679,0,27,37,027037,16,14
380,1,680,0,27,37,027037,16,15
381,1,681,0,27,37,027037,17,14
382,1,682,0,27,38,027038,15,14
383,1,683,0,27,38,027038,15,15
384,1,684,0,27,38,027038,15,16
385,1,685,0,27,38,027038,16,15
386,1,686,0,27,38,027038,16,16
387,1,687,0,27,39,027039,15,16
388,1,688,0,27,39,027039,15,17
389,1,689,0,27,39,027039,16,16
390,1,690,0,27,39,027039,16,17
391,1,691,0,27,40,027040,14,17
392,1,692,0,27,40,027040,14,18
393,1,693,0,27,40,027040,15,17
394,1,694,0,27,40,027040,15,18
395,1,695,0,27,40,027040,16,17
396,1,696,0,27,40,027040,16,18
397,1,697,0,27,41,027041,14,18
398,1,698,0,27,41,027041,14,19
399,1,699,0,27,41,027041,15,18
400,1,700,0,27,41,027041,15,19
401,1,701,0,27,41,027041,16,18
402,1,702,0,27,42,027042,14,19
403,1,703,0,27,42,027042,14,20
404,1,704,0,27,42,027042,15,19
405,1,705,0,27,42,027042,15,20
406,1,721,0,43,26,043026,6,1
407,1,722,0,43,26,043026,6,2
408,1,723,0,43,26,043026,7,1
409,1,724,0,43,26,043026,7,2
410,1,725,0,43,27,043027,5,2
411,1,726,0,43,27,043027,5,3
412,1,727,0,43,27,043027,6,2
413,1,728,0,43,27,043027,6,3
414,1,729,0,43,27,043027,7,2
415,1,730,0,43,27,043027,7,3
416,1,731,0,43,28,043028,5,2
417,1,732,0,43,28,043028,5,3
418,1,733,0,43,28,043028,5,4
419,1,734,0,43,28,043028,6,3
420,1,735,0,43,28,043028,6,4
421,1,736,0,43,29,043029,4,4
422,1,737,0,43,29,043029,4,5
423,1,738,0,43,29,043029,5,3
424,1,739,0,43,29,043029,5,4
425,1,740,0,43,29,043029,5,5
426,1,741,0,43,29,043029,6,4
427,1,742,0,43,30,043030,4,4
428,1,743,0,43,30,043030,4,5
429,1,744,0,43,30,043030,4,6
430,1,745,0,43,30,043030,5,5
431,1,746,0,43,30,043030,5,6
432,1,747,0,43,31,043031,3,6
433,1,748,0,43,31,043031,3,7
434,1,749,0,43,31,043031,4,5
435,1,750,0,43,31,043031,4,6
436,1,751,0,43,31,043031,4,7
437,1,752,0,43,31,043031,5,6
438,1,753,0,43,32,043032,3,6
439,1,754,0,43,32,043032,3,7
440,1,755,0,43,32,043032,3,8
441,1,756,0,43,32,043032,4,7
442,1,757,0,43,32,043032,4,8
443,1,758,0,43,33,043033,2,8
444,1,759,0,43,33,043033,2,9
445,1,760,0,43,33,043033,3,7
446,1,761,0,43,33,043033,3,8
447,1,762,0,43,33,043033,3,9
448,1,763,0,43,33,043033,4,8
449,1,764,0,43,34,043034,2,8
450,1,765,0,43,34,043034,2,9
451,1,766,0,43,34,043034,2,10
452,1,767,0,43,34,043034,3,8
453,1,768,0,43,34,043034,3,9
454,1,769,0,43,34,043034,3,10
455,1,770,0,43,35,043035,2,9
456,1,771,0,43,35,043035,2,10
457,1,772,0,43,35,043035,2,11
458,1,773,0,43,35,043035,3,10
459,1,774,0,43,35,043035,1,9
460,1,775,0,43,35,043035,1,10
461,1,776,0,43,36,043036,2,10
462,1,777,0,43,36,043036,2,11
463,1,778,0,43,36,043036,2,12
464,1,779,0,43,36,043036,1,10
465,1,780,0,43,36,043036,1,11
466,1,781,0,43,36,043036,1,12
467,1,824,0,18,30,018030,24,6
468,1,825,0,18,30,018030,25,5
469,1,826,0,18,30,018030,25,6
470,1,827,0,18,30,018030,25,7
471,1,828,0,18,30,018030,26,5
472,1,829,0,18,30,018030,26,6
473,1,830,0,18,30,018030,26,7
474,1,831,0,18,31,018031,24,6
475,1,832,0,18,31,018031,24,7
476,1,833,0,18,31,018031,24,8
477,1,834,0,18,31,018031,25,6
478,1,835,0,18,31,018031,25,7
479,1,836,0,18,31,018031,25,8
480,1,837,0,18,31,018031,26,6
481,1,838,0,18,31,018031,26,7
482,1,839,0,18,31,018031,26,8
483,1,840,0,18,32,018032,24,8
484,1,841,0,18,32,018032,24,9
485,1,842,0,18,32,018032,25,8
486,1,843,0,18,32,018032,25,9
487,1,844,0,18,32,018032,26,8
488,1,845,0,18,32,018032,26,9
489,1,846,0,18,33,018033,24,9
490,1,847,0,18,33,018033,24,10
491,1,848,0,18,33,018033,25,9
492,1,849,0,18,33,018033,25,10
493,1,850,0,18,33,018033,26,9
494,1,851,0,18,34,018034,24,10
495,1,852,0,18,34,018034,24,11
496,1,853,0,18,34,018034,25,10
497,1,854,0,18,34,018034,25,11
498,1,855,0,18,35,018035,24,11
499,1,856,0,18,35,018035,24,12
500,1,857,0,18,35,018035,25,11
501,1,858,0,18,35,018035,25,12
502,1,859,0,18,36,018036,24,12
503,1,860,0,18,36,018036,24,13
504,1,861,0,18,36,018036,25,12
505,1,862,0,18,36,018036,25,13
506,1,863,0,18,37,018037,24,13
507,1,864,0,18,37,018037,24,14
508,1,865,0,18,37,018037,25,13
509,1,866,0,18,37,018037,25,14
510,1,867,0,18,38,018038,24,14
511,1,868,0,18,38,018038,24,15
512,1,869,0,18,38,018038,25,14
513,1,870,0,18,38,018038,25,15
514,1,871,0,18,39,018039,24,15
515,1,872,0,18,39,018039,24,16
516,1,873,0,18,39,018039,25,15
517,1,874,0,18,39,018039,25,16
518,1,875,0,18,40,018040,24,16
519,1,876,0,18,40,018040,24,17
520,1,877,0,18,40,018040,25,16
521,1,878,0,18,40,018040,25,17
522,1,917,0,34,26,034026,12,3
523,1,918,0,34,26,034026,13,2
524,1,919,0,34,26,034026,13,3
525,1,920,0,34,26,034026,14,2
526,1,921,0,34,26,034026,14,3
527,1,922,0,34,27,034027,12,3
528,1,923,0,34,27,034027,12,4
529,1,924,0,34,27,034027,13,3
530,1,925,0,34,27,034027,13,4
531,1,926,0,34,27,034027,14,3
532,1,927,0,34,27,034027,14,4
533,1,928,0,34,28,034028,12,4
534,1,929,0,34,28,034028,12,5
535,1,930,0,34,28,034028,13,4
536,1,931,0,34,28,034028,13,5
537,1,932,0,34,29,034029,11,6
538,1,933,0,34,29,034029,12,5
539,1,934,0,34,29,034029,12,6
540,1,935,0,34,29,034029,13,5
541,1,936,0,34,29,034029,13,6
542,1,937,0,34,30,034030,11,6
543,1,938,0,34,30,034030,11,7
544,1,939,0,34,30,034030,12,6
545,1,940,0,34,30,034030,12,7
546,1,941,0,34,30,034030,13,6
547,1,942,0,34,31,034031,11,7
548,1,943,0,34,31,034031,11,8
549,1,944,0,34,31,034031,12,7
550,1,945,0,34,31,034031,12,8
551,1,946,0,34,32,034032,10,8
552,1,947,0,34,32,034032,10,9
553,1,948,0,34,32,034032,11,8
554,1,949,0,34,32,034032,11,9
555,1,950,0,34,32,034032,12,8
556,1,951,0,34,32,034032,12,9
557,1,952,0,34,33,034033,10,9
558,1,953,0,34,33,034033,10,10
559,1,954,0,34,33,034033,11,9
560,1,955,0,34,33,034033,11,10
561,1,956,0,34,33,034033,12,9
562,1,957,0,34,34,034034,10,10
563,1,958,0,34,34,034034,10,11
564,1,959,0,34,34,034034,11,10
565,1,960,0,34,34,034034,11,11
566,1,961,0,34,35,034035,9,11
567,1,962,0,34,35,034035,9,12
568,1,963,0,34,35,034035,10,11
569,1,964,0,34,35,034035,10,12
570,1,965,0,34,35,034035,11,11
571,1,966,0,34,35,034035,11,12
572,1,967,0,34,36,034036,9,12
573,1,968,0,34,36,034036,9,13
574,1,969,0,34,36,034036,10,12
575,1,970,0,34,36,034036,10,13
576,1,971,0,34,37,034037,8,14
577,1,972,0,34,37,034037,9,13
578,1,973,0,34,37,034037,9,14
579,1,974,0,34,37,034037,10,13
580,1,975,0,34,37,034037,10,14
581,1,976,0,34,38,034038,8,14
582,1,977,0,34,38,034038,8,15
583,1,978,0,34,38,034038,9,14
584,1,979,0,34,38,034038,9,15
585,1,980,0,34,38,034038,10,14
586,1,981,0,34,38,034038,10,15
587,1,1079,0,25,26,025026,19,2
588,1,1080,0,25,26,025026,19,3
589,1,1081,0,25,26,025026,20,2
590,1,1082,0,25,26,025026,20,3
591,1,1083,0,25,26,025026,21,2
592,1,1084,0,25,26,025026,21,3
593,1,1085,0,25,27,025027,19,3
594,1,1086,0,25,27,025027,19,4
595,1,1087,0,25,27,025027,20,3
596,1,1088,0,25,27,025027,20,4
597,1,1089,0,25,27,025027,21,3
598,1,1090,0,25,27,025027,21,4
599,1,1091,0,25,28,025028,19,4
600,1,1092,0,25,28,025028,19,5
601,1,1093,0,25,28,025028,20,4
602,1,1094,0,25,28,025028,20,5
603,1,1095,0,25,29,025029,19,5
604,1,1096,0,25,29,025029,19,6
605,1,1097,0,25,29,025029,20,5
606,1,1098,0,25,29,025029,20,6
607,1,1099,0,25,30,025030,19,6
608,1,1100,0,25,30,025030,19,7
609,1,1101,0,25,30,025030,20,6
610,1,1102,0,25,30,025030,20,7
611,1,1103,0,25,31,025031,18,8
612,1,1104,0,25,31,025031,19,7
613,1,1105,0,25,31,025031,19,8
614,1,1106,0,25,31,025031,20,7
615,1,1107,0,25,31,025031,20,8
616,1,1108,0,25,32,025032,18,8
617,1,1109,0,25,32,025032,18,9
618,1,1110,0,25,32,025032,19,8
619,1,1111,0,25,32,025032,19,9
620,1,1112,0,25,32,025032,20,8
621,1,1113,0,25,32,025032,20,9
622,1,1114,0,25,33,025033,18,9
623,1,1115,0,25,33,025033,18,10
624,1,1116,0,25,33,025033,19,9
625,1,1117,0,25,33,025033,19,10
626,1,1118,0,25,34,025034,18,10
627,1,1119,0,25,34,025034,18,11
628,1,1120,0,25,34,025034,19,10
629,1,1121,0,25,34,025034,19,11
630,1,1122,0,25,34,025034,19,12
631,1,1123,0,25,35,025035,18,11
632,1,1124,0,25,35,025035,18,12
633,1,1125,0,25,35,025035,18,13
634,1,1126,0,25,35,025035,19,11
635,1,1127,0,25,35,025035,19,12
636,1,1128,0,25,35,025035,19,13
637,1,1129,0,25,36,025036,17,13
638,1,1130,0,25,36,025036,17,14
639,1,1131,0,25,36,025036,18,12
640,1,1132,0,25,36,025036,18,13
641,1,1133,0,25,36,025036,18,14
642,1,1134,0,25,36,025036,19,13
643,1,1135,0,25,36,025036,19,14
644,1,1136,0,25,37,025037,17,13
645,1,1137,0,25,37,025037,17,14
646,1,1138,0,25,37,025037,17,15
647,1,1139,0,25,37,025037,18,13
648,1,1140,0,25,37,025037,18,14
649,1,1141,0,25,37,025037,18,15
650,1,1142,0,25,37,025037,19,14
651,1,1143,0,25,38,025038,17,15
652,1,1144,0,25,38,025038,17,16
653,1,1145,0,25,38,025038,18,15
654,1,1146,0,25,38,025038,18,16
655,1,1147,0,25,39,025039,17,16
656,1,1148,0,25,39,025039,17,17
657,1,1149,0,25,39,025039,18,16
658,1,1150,0,25,39,025039,18,17
659,1,1151,0,25,40,025040,16,17
660,1,1152,0,25,40,025040,16,18
661,1,1153,0,25,40,025040,17,17
662,1,1154,0,25,40,025040,17,18
663,1,1155,0,25,40,025040,18,17
664,1,1156,0,25,40,025040,18,18
665,1,1181,0,41,26,041026,7,1
666,1,1182,0,41,26,041026,7,2
667,1,1183,0,41,26,041026,8,1
668,1,1184,0,41,26,041026,8,2
669,1,1185,0,41,26,041026,9,1
670,1,1186,0,41,26,041026,9,2
671,1,1187,0,41,27,041027,7,2
672,1,1188,0,41,27,041027,7,3
673,1,1189,0,41,27,041027,8,2
674,1,1190,0,41,27,041027,8,3
675,1,1191,0,41,28,041028,6,3
676,1,1192,0,41,28,041028,6,4
677,1,1193,0,41,28,041028,7,3
678,1,1194,0,41,28,041028,7,4
679,1,1195,0,41,28,041028,8,3
680,1,1196,0,41,28,041028,8,4
681,1,1197,0,41,29,041029,6,4
682,1,1198,0,41,29,041029,6,5
683,1,1199,0,41,29,041029,7,4
684,1,1200,0,41,29,041029,7,5
685,1,1201,0,41,30,041030,5,5
686,1,1202,0,41,30,041030,5,6
687,1,1203,0,41,30,041030,6,5
688,1,1204,0,41,30,041030,6,6
689,1,1205,0,41,30,041030,7,5
690,1,1206,0,41,30,041030,7,6
691,1,1207,0,41,31,041031,5,6
692,1,1208,0,41,31,041031,5,7
693,1,1209,0,41,31,041031,6,6
694,1,1210,0,41,31,041031,6,7
695,1,1211,0,41,32,041032,4,7
696,1,1212,0,41,32,041032,4,8
697,1,1213,0,41,32,041032,5,7
698,1,1214,0,41,32,041032,5,8
699,1,1215,0,41,32,041032,6,7
700,1,1216,0,41,32,041032,6,8
701,1,1217,0,41,33,041033,4,8
702,1,1218,0,41,33,041033,4,9
703,1,1219,0,41,33,041033,5,8
704,1,1220,0,41,33,041033,5,9
705,1,1221,0,41,34,041034,3,9
706,1,1222,0,41,34,041034,3,10
707,1,1223,0,41,34,041034,4,9
708,1,1224,0,41,34,041034,4,10
709,1,1225,0,41,34,041034,5,9
710,1,1226,0,41,34,041034,5,10
711,1,1227,0,41,35,041035,3,10
712,1,1228,0,41,35,041035,3,11
713,1,1229,0,41,35,041035,4,10
714,1,1230,0,41,35,041035,4,11
715,1,1231,0,41,36,041036,2,11
716,1,1232,0,41,36,041036,2,12
717,1,1233,0,41,36,041036,3,11
718,1,1234,0,41,36,041036,3,12
719,1,1235,0,41,36,041036,4,11
720,1,1236,0,41,36,041036,4,12
721,1,1237,0,41,37,041037,2,12
722,1,1238,0,41,37,041037,2,13
723,1,1239,0,41,37,041037,3,12
724,1,1240,0,41,37,041037,3,13
725,1,1241,0,41,37,041037,4,12
726,1,1299,0,16,29,016029,26,4
727,1,1300,0,16,29,016029,26,5
728,1,1301,0,16,29,016029,27,4
729,1,1302,0,16,29,016029,27,5
730,1,1303,0,16,30,016030,26,5
731,1,1304,0,16,30,016030,26,6
732,1,1305,0,16,30,016030,27,5
733,1,1306,0,16,30,016030,27,6
734,1,1307,0,16,31,016031,26,6
735,1,1308,0,16,31,016031,26,7
736,1,1309,0,16,31,016031,27,6
737,1,1310,0,16,31,016031,27,7
738,1,1311,0,16,32,016032,26,7
739,1,1312,0,16,32,016032,26,8
740,1,1313,0,16,32,016032,27,7
741,1,1314,0,16,32,016032,27,8
742,1,1315,0,16,33,016033,26,8
743,1,1316,0,16,33,016033,26,9
744,1,1317,0,16,33,016033,27,8
745,1,1318,0,16,33,016033,27,9
746,1,1319,0,16,34,016034,26,9
747,1,1320,0,16,34,016034,26,10
748,1,1321,0,16,34,016034,26,11
749,1,1322,0,16,34,016034,27,9
750,1,1323,0,16,34,016034,27,10
751,1,1324,0,16,34,016034,27,11
752,1,1325,0,16,35,016035,26,11
753,1,1326,0,16,35,016035,26,12
754,1,1327,0,16,35,016035,27,11
755,1,1328,0,16,35,016035,27,12
756,1,1329,0,16,36,016036,26,12
757,1,1330,0,16,36,016036,26,13
758,1,1331,0,16,36,016036,27,12
759,1,1332,0,16,36,016036,27,13
760,1,1333,0,16,37,016037,26,13
761,1,1334,0,16,37,016037,26,14
762,1,1335,0,16,37,016037,27,13
763,1,1336,0,16,37,016037,27,14
764,1,1337,0,16,38,016038,26,14
765,1,1338,0,16,38,016038,26,15
766,1,1339,0,16,38,016038,27,14
767,1,1340,0,16,38,016038,27,15
768,1,1341,0,16,39,016039,26,15
769,1,1342,0,16,39,016039,26,16
770,1,1343,0,16,39,016039,27,15
771,1,1344,0,16,39,016039,27,16
772,1,1345,0,16,40,016040,26,16
773,1,1346,0,16,40,016040,26,17
774,1,1347,0,16,40,016040,27,16
775,1,1348,0,16,40,016040,27,17
776,1,1349,0,16,41,016041,25,17
777,1,1350,0,16,41,016041,25,18
778,1,1351,0,16,41,016041,26,17
779,1,1352,0,16,41,016041,26,18
780,1,1353,0,16,41,016041,27,17
781,1,1354,0,16,41,016041,27,18
782,1,1355,0,16,42,016042,25,18
783,1,1356,0,16,42,016042,25,19
784,1,1357,0,16,42,016042,26,18
785,1,1358,0,16,42,016042,26,19
786,1,1359,0,16,42,016042,27,18
787,1,1360,0,16,42,016042,27,19
788,1,1361,0,16,43,016043,25,19
789,1,1362,0,16,43,016043,25,20
790,1,1363,0,16,43,016043,26,19
791,1,1364,0,16,43,016043,26,20
792,1,1365,0,16,43,016043,27,19
793,1,1366,0,16,43,016043,27,20
794,1,1387,0,32,26,032026,14,2
795,1,1388,0,32,26,032026,14,3
796,1,1389,0,32,26,032026,15,2
797,1,1390,0,32,26,032026,15,3
798,1,1391,0,32,26,032026,16,2
799,1,1392,0,32,27,032027,14,3
800,1,1393,0,32,27,032027,14,4
801,1,1394,0,32,27,032027,15,3
802,1,1395,0,32,27,032027,15,4
803,1,1396,0,32,28,032028,13,4
804,1,1397,0,32,28,032028,13,5
805,1,1398,0,32,28,032028,14,4
806,1,1399,0,32,28,032028,14,5
807,1,1400,0,32,28,032028,15,4
808,1,1401,0,32,28,032028,15,5
809,1,1402,0,32,29,032029,13,5
810,1,1403,0,32,29,032029,13,6
811,1,1404,0,32,29,032029,14,5
812,1,1405,0,32,29,032029,14,6
813,1,1406,0,32,29,032029,15,5
814,1,1407,0,32,30,032030,13,6
815,1,1408,0,32,30,032030,13,7
816,1,1409,0,32,30,032030,14,6
817,1,1410,0,32,30,032030,14,7
818,1,1411,0,32,31,032031,12,8
819,1,1412,0,32,31,032031,13,7
820,1,1413,0,32,31,032031,13,8
821,1,1414,0,32,31,032031,14,7
822,1,1415,0,32,31,032031,14,8
823,1,1416,0,32,32,032032,12,8
824,1,1417,0,32,32,032032,12,9
825,1,1418,0,32,32,032032,13,8
826,1,1419,0,32,32,032032,13,9
827,1,1420,0,32,32,032032,14,8
828,1,1421,0,32,32,032032,14,9
829,1,1422,0,32,33,032033,12,9
830,1,1423,0,32,33,032033,12,10
831,1,1424,0,32,33,032033,13,9
832,1,1425,0,32,33,032033,13,10
833,1,1426,0,32,34,032034,11,11
834,1,1427,0,32,34,032034,12,10
835,1,1428,0,32,34,032034,12,11
836,1,1429,0,32,34,032034,13,10
837,1,1430,0,32,34,032034,13,11
838,1,1431,0,32,35,032035,11,11
839,1,1432,0,32,35,032035,11,12
840,1,1433,0,32,35,032035,12,11
841,1,1434,0,32,35,032035,12,12
842,1,1435,0,32,35,032035,13,11
843,1,1436,0,32,35,032035,13,12
844,1,1437,0,32,36,032036,11,12
845,1,1438,0,32,36,032036,11,13
846,1,1439,0,32,36,032036,12,12
847,1,1440,0,32,36,032036,12,13
848,1,1441,0,32,36,032036,12,14
849,1,1442,0,32,37,032037,10,14
850,1,1443,0,32,37,032037,11,13
851,1,1444,0,32,37,032037,11,14
852,1,1445,0,32,37,032037,11,15
853,1,1446,0,32,37,032037,12,13
854,1,1447,0,32,37,032037,12,14
855,1,1448,0,32,37,032037,12,15
856,1,1449,0,32,38,032038,10,14
857,1,1450,0,32,38,032038,10,15
858,1,1451,0,32,38,032038,11,14
859,1,1452,0,32,38,032038,11,15
860,1,1453,0,32,38,032038,11,16
861,1,1454,0,32,38,032038,12,14
862,1,1455,0,32,38,032038,12,15
863,1,1456,0,32,39,032039,10,15
864,1,1457,0,32,39,032039,10,16
865,1,1458,0,32,39,032039,10,17
866,1,1459,0,32,39,032039,11,15
867,1,1460,0,32,39,032039,11,16
868,1,1461,0,32,39,032039,11,17
869,1,1496,0,48,26,048026,2,0
870,1,1497,0,48,26,048026,2,1
871,1,1498,0,48,26,048026,3,0
872,1,1499,0,48,26,048026,3,1
873,1,1500,0,48,26,048026,4,0
874,1,1501,0,48,27,048027,2,0
875,1,1502,0,48,27,048027,2,1
876,1,1503,0,48,27,048027,2,2
877,1,1504,0,48,27,048027,3,1
878,1,1505,0,48,27,048027,3,2
879,1,1506,0,48,27,048027,1,1
880,1,1507,0,48,27,048027,1,2
881,1,1508,0,48,28,048028,2,1
882,1,1509,0,48,28,048028,2,2
883,1,1510,0,48,28,048028,2,3
884,1,1511,0,48,28,048028,1,1
885,1,1512,0,48,28,048028,1,2
886,1,1513,0,48,28,048028,1,3
887,1,1553,0,23,27,023027,21,3
888,1,1554,0,23,27,023027,21,4
889,1,1555,0,23,27,023027,22,3
890,1,1556,0,23,27,023027,22,4
891,1,1557,0,23,28,023028,21,4
892,1,1558,0,23,28,023028,21,5
893,1,1559,0,23,28,023028,22,4
894,1,1560,0,23,28,023028,22,5
895,1,1561,0,23,29,023029,20,6
896,1,1562,0,23,29,023029,21,5
897,1,1563,0,23,29,023029,21,6
898,1,1564,0,23,29,023029,22,5
899,1,1565,0,23,29,023029,22,6
900,1,1566,0,23,30,023030,20,6
901,1,1567,0,23,30,023030,20,7
902,1,1568,0,23,30,023030,21,6
903,1,1569,0,23,30,023030,21,7
904,1,1570,0,23,30,023030,22,6
905,1,1571,0,23,30,023030,22,7
906,1,1572,0,23,31,023031,20,7
907,1,1573,0,23,31,023031,20,8
908,1,1574,0,23,31,023031,21,7
909,1,1575,0,23,31,023031,21,8
910,1,1576,0,23,31,023031,22,7
911,1,1577,0,23,32,023032,20,8
912,1,1578,0,23,32,023032,20,9
913,1,1579,0,23,32,023032,21,8
914,1,1580,0,23,32,023032,21,9
915,1,1581,0,23,33,023033,20,9
916,1,1582,0,23,33,023033,20,10
917,1,1583,0,23,33,023033,21,9
918,1,1584,0,23,33,023033,21,10
919,1,1585,0,23,34,023034,20,10
920,1,1586,0,23,34,023034,20,11
921,1,1587,0,23,34,023034,21,10
922,1,1588,0,23,34,023034,21,11
923,1,1589,0,23,35,023035,19,12
924,1,1590,0,23,35,023035,20,11
925,1,1591,0,23,35,023035,20,12
926,1,1592,0,23,35,023035,21,11
927,1,1593,0,23,35,023035,21,12
928,1,1594,0,23,35,023035,21,13
929,1,1595,0,23,36,023036,19,12
930,1,1596,0,23,36,023036,19,13
931,1,1597,0,23,36,023036,20,12
932,1,1598,0,23,36,023036,20,13
933,1,1599,0,23,36,023036,20,14
934,1,1600,0,23,36,023036,21,12
935,1,1601,0,23,36,023036,21,13
936,1,1602,0,23,37,023037,19,13
937,1,1603,0,23,37,023037,19,14
938,1,1604,0,23,37,023037,19,15
939,1,1605,0,23,37,023037,20,13
940,1,1606,0,23,37,023037,20,14
941,1,1607,0,23,37,023037,20,15
942,1,1608,0,23,38,023038,19,14
943,1,1609,0,23,38,023038,19,15
944,1,1610,0,23,38,023038,19,16
945,1,1611,0,23,38,023038,20,15
946,1,1612,0,23,38,023038,20,16
947,1,1613,0,23,39,023039,19,16
948,1,1614,0,23,39,023039,19,17
949,1,1615,0,23,39,023039,20,16
950,1,1616,0,23,39,023039,20,17
951,1,1617,0,23,40,023040,18,17
952,1,1618,0,23,40,023040,18,18
953,1,1619,0,23,40,023040,19,17
954,1,1620,0,23,40,023040,19,18
955,1,1621,0,23,40,023040,20,17
956,1,1622,0,23,40,023040,20,18
957,1,1650,0,39,26,039026,9,1
958,1,1651,0,39,26,039026,9,2
959,1,1652,0,39,26,039026,9,3
960,1,1653,0,39,26,039026,10,1
961,1,1654,0,39,26,039026,10,2
962,1,1655,0,39,26,039026,10,3
963,1,1656,0,39,27,039027,8,3
964,1,1657,0,39,27,039027,9,2
965,1,1658,0,39,27,039027,9,3
966,1,1659,0,39,27,039027,9,4
967,1,1660,0,39,27,039027,10,2
968,1,1661,0,39,27,039027,10,3
969,1,1662,0,39,28,039028,8,3
970,1,1663,0,39,28,039028,8,4
971,1,1664,0,39,28,039028,9,3
972,1,1665,0,39,28,039028,9,4
973,1,1666,0,39,28,039028,9,5
974,1,1667,0,39,29,039029,7,5
975,1,1668,0,39,29,039029,8,4
976,1,1669,0,39,29,039029,8,5
977,1,1670,0,39,29,039029,8,6
978,1,1671,0,39,29,039029,9,4
979,1,1672,0,39,29,039029,9,5
980,1,1673,0,39,29,039029,9,6
981,1,1674,0,39,30,039030,7,5
982,1,1675,0,39,30,039030,7,6
983,1,1676,0,39,30,039030,8,5
984,1,1677,0,39,30,039030,8,6
985,1,1678,0,39,30,039030,8,7
986,1,1679,0,39,30,039030,9,6
987,1,1680,0,39,31,039031,6,7
988,1,1681,0,39,31,039031,7,6
989,1,1682,0,39,31,039031,7,7
990,1,1683,0,39,31,039031,7,8
991,1,1684,0,39,31,039031,8,6
992,1,1685,0,39,31,039031,8,7
993,1,1686,0,39,31,039031,8,8
994,1,1687,0,39,32,039032,6,7
995,1,1688,0,39,32,039032,6,8
996,1,1689,0,39,32,039032,7,7
997,1,1690,0,39,32,039032,7,8
998,1,1691,0,39,32,039032,7,9
999,1,1692,0,39,32,039032,8,8
1000,1,1693,0,39,33,039033,6,8
1001,1,1694,0,39,33,039033,6,9
1002,1,1695,0,39,33,039033,6,10
1003,1,1696,0,39,33,039033,7,8
1004,1,1697,0,39,33,039033,7,9
1005,1,1698,0,39,33,039033,7,10
1006,1,1699,0,39,34,039034,5,9
1007,1,1700,0,39,34,039034,5,10
1008,1,1701,0,39,34,039034,6,9
1009,1,1702,0,39,34,039034,6,10
1010,1,1703,0,39,34,039034,6,11
1011,1,1704,0,39,34,039034,7,9
1012,1,1705,0,39,34,039034,7,10
1013,1,1706,0,39,35,039035,5,10
1014,1,1707,0,39,35,039035,5,11
1015,1,1708,0,39,35,039035,5,12
1016,1,1709,0,39,35,039035,6,10
1017,1,1710,0,39,35,039035,6,11
1018,1,1711,0,39,35,039035,6,12
1019,1,1712,0,39,36,039036,4,12
1020,1,1713,0,39,36,039036,5,11
1021,1,1714,0,39,36,039036,5,12
1022,1,1715,0,39,36,039036,5,13
1023,1,1716,0,39,36,039036,6,11
1024,1,1717,0,39,36,039036,6,12
1025,1,1718,0,39,37,039037,4,12
1026,1,1719,0,39,37,039037,4,13
1027,1,1720,0,39,37,039037,5,12
1028,1,1721,0,39,37,039037,5,13
1029,1,1722,0,39,37,039037,5,14
1030,1,1723,0,39,38,039038,3,14
1031,1,1724,0,39,38,039038,4,13
1032,1,1725,0,39,38,039038,4,14
1033,1,1726,0,39,38,039038,4,15
1034,1,1727,0,39,38,039038,5,13
1035,1,1728,0,39,38,039038,5,14
1036,1,1790,0,14,29,014029,28,4
1037,1,1791,0,14,29,014029,28,5
1038,1,1792,0,14,29,014029,29,5
1039,1,1793,0,14,29,014029,29,4
1040,1,1794,0,14,30,014030,28,5
1041,1,1795,0,14,30,014030,28,6
1042,1,1796,0,14,30,014030,29,6
1043,1,1797,0,14,30,014030,29,5
1044,1,1798,0,14,31,014031,28,6
1045,1,1799,0,14,31,014031,28,7
1046,1,1800,0,14,31,014031,29,7
1047,1,1801,0,14,31,014031,29,6
1048,1,1802,0,14,32,014032,28,7
1049,1,1803,0,14,32,014032,28,8
1050,1,1804,0,14,32,014032,29,8
1051,1,1805,0,14,32,014032,29,7
1052,1,1806,0,14,33,014033,28,8
1053,1,1807,0,14,33,014033,28,9
1054,1,1808,0,14,33,014033,29,9
1055,1,1809,0,14,33,014033,29,8
1056,1,1810,0,14,34,014034,28,9
1057,1,1811,0,14,34,014034,28,10
1058,1,1812,0,14,34,014034,29,10
1059,1,1813,0,14,34,014034,29,9
1060,1,1814,0,14,35,014035,28,10
1061,1,1815,0,14,35,014035,28,11
1062,1,1816,0,14,35,014035,29,11
1063,1,1817,0,14,35,014035,29,10
1064,1,1818,0,14,36,014036,28,11
1065,1,1819,0,14,36,014036,28,12
1066,1,1820,0,14,36,014036,29,12
1067,1,1821,0,14,36,014036,29,11
1068,1,1878,0,30,25,030025,16,1
1069,1,1879,0,30,25,030025,16,2
1070,1,1880,0,30,25,030025,17,1
1071,1,1881,0,30,25,030025,17,2
1072,1,1882,0,30,26,030026,16,2
1073,1,1883,0,30,26,030026,16,3
1074,1,1884,0,30,26,030026,17,2
1075,1,1885,0,30,26,030026,17,3
1076,1,1886,0,30,27,030027,15,3
1077,1,1887,0,30,27,030027,15,4
1078,1,1888,0,30,27,030027,16,3
1079,1,1889,0,30,27,030027,16,4
1080,1,1890,0,30,27,030027,17,3
1081,1,1891,0,30,27,030027,17,4
1082,1,1892,0,30,28,030028,15,4
1083,1,1893,0,30,28,030028,15,5
1084,1,1894,0,30,28,030028,16,4
1085,1,1895,0,30,28,030028,16,5
1086,1,1896,0,30,29,030029,15,5
1087,1,1897,0,30,29,030029,15,6
1088,1,1898,0,30,29,030029,16,5
1089,1,1899,0,30,29,030029,16,6
1090,1,1900,0,30,30,030030,14,7
1091,1,1901,0,30,30,030030,15,6
1092,1,1902,0,30,30,030030,15,7
1093,1,1903,0,30,30,030030,16,6
1094,1,1904,0,30,30,030030,16,7
1095,1,1905,0,30,31,030031,14,7
1096,1,1906,0,30,31,030031,14,8
1097,1,1907,0,30,31,030031,15,7
1098,1,1908,0,30,31,030031,15,8
1099,1,1909,0,30,31,030031,16,7
1100,1,1910,0,30,31,030031,16,8
1101,1,1911,0,30,32,030032,14,8
1102,1,1912,0,30,32,030032,14,9
1103,1,1913,0,30,32,030032,15,8
1104,1,1914,0,30,32,030032,15,9
1105,1,1915,0,30,33,030033,14,9
1106,1,1916,0,30,33,030033,14,10
1107,1,1917,0,30,33,030033,15,9
1108,1,1918,0,30,33,030033,15,10
1109,1,1919,0,30,34,030034,13,10
1110,1,1920,0,30,34,030034,13,11
1111,1,1921,0,30,34,030034,14,10
1112,1,1922,0,30,34,030034,14,11
1113,1,1923,0,30,34,030034,14,12
1114,1,1924,0,30,34,030034,15,10
1115,1,1925,0,30,34,030034,15,11
1116,1,1926,0,30,35,030035,13,11
1117,1,1927,0,30,35,030035,13,12
1118,1,1928,0,30,35,030035,14,11
1119,1,1929,0,30,35,030035,14,12
1120,1,1930,0,30,35,030035,14,13
1121,1,1931,0,30,36,030036,13,12
1122,1,1932,0,30,36,030036,13,13
1123,1,1933,0,30,36,030036,13,14
1124,1,1934,0,30,36,030036,14,12
1125,1,1935,0,30,36,030036,14,13
1126,1,1936,0,30,36,030036,14,14
1127,1,1937,0,30,37,030037,12,14
1128,1,1938,0,30,37,030037,13,13
1129,1,1939,0,30,37,030037,13,14
1130,1,1940,0,30,37,030037,13,15
1131,1,1941,0,30,37,030037,14,14
1132,1,1942,0,30,37,030037,14,15
1133,1,1943,0,30,38,030038,12,14
1134,1,1944,0,30,38,030038,12,15
1135,1,1945,0,30,38,030038,12,16
1136,1,1946,0,30,38,030038,13,14
1137,1,1947,0,30,38,030038,13,15
1138,1,1948,0,30,38,030038,13,16
1139,1,1949,0,30,38,030038,14,15
1140,1,1950,0,30,39,030039,12,15
1141,1,1951,0,30,39,030039,12,16
1142,1,1952,0,30,39,030039,12,17
1143,1,1953,0,30,39,030039,13,16
1144,1,1954,0,30,39,030039,13,17
1145,1,1955,0,30,40,030040,11,17
1146,1,1956,0,30,40,030040,11,18
1147,1,1957,0,30,40,030040,12,16
1148,1,1958,0,30,40,030040,12,17
1149,1,1959,0,30,40,030040,12,18
1150,1,1960,0,30,40,030040,13,17
1151,1,1961,0,30,40,030040,13,18
1152,1,1987,0,46,26,046026,3,1
1153,1,1988,0,46,26,046026,4,0
1154,1,1989,0,46,26,046026,4,1
1155,1,1990,0,46,26,046026,4,2
1156,1,1991,0,46,26,046026,5,0
1157,1,1992,0,46,26,046026,5,1
1158,1,1993,0,46,26,046026,5,2
1159,1,1994,0,46,27,046027,3,1
1160,1,1995,0,46,27,046027,3,2
1161,1,1996,0,46,27,046027,4,1
1162,1,1997,0,46,27,046027,4,2
1163,1,1998,0,46,27,046027,5,1
1164,1,1999,0,46,27,046027,5,2
1165,1,2000,0,46,28,046028,2,3
1166,1,2001,0,46,28,046028,3,2
1167,1,2002,0,46,28,046028,3,3
1168,1,2003,0,46,28,046028,4,2
1169,1,2004,0,46,28,046028,4,3
1170,1,2005,0,46,29,046029,2,3
1171,1,2006,0,46,29,046029,2,4
1172,1,2007,0,46,29,046029,3,3
1173,1,2008,0,46,29,046029,3,4
1174,1,2009,0,46,30,046030,2,4
1175,1,2010,0,46,30,046030,2,5
1176,1,2011,0,46,30,046030,3,4
1177,1,2012,0,46,30,046030,3,5
1178,1,2013,0,46,30,046030,1,4
1179,1,2014,0,46,30,046030,1,5
1180,1,2015,0,46,31,046031,2,5
1181,1,2016,0,46,31,046031,2,6
1182,1,2017,0,46,31,046031,1,5
1183,1,2018,0,46,31,046031,1,6
1184,1,2019,0,46,32,046032,2,6
1185,1,2020,0,46,32,046032,2,7
1186,1,2021,0,46,32,046032,1,6
1187,1,2022,0,46,32,046032,0,6
1188,1,2023,0,46,32,046032,1,7
1189,1,2024,0,46,32,046032,0,7
1190,1,2025,0,46,33,046033,1,7
1191,1,2026,0,46,33,046033,0,7
1192,1,2027,0,46,33,046033,1,8
1193,1,2028,0,46,33,046033,0,8
1194,1,2057,0,21,28,021028,22,4
1195,1,2058,0,21,28,021028,22,5
1196,1,2059,0,21,28,021028,23,4
1197,1,2060,0,21,28,021028,23,5
1198,1,2061,0,21,28,021028,24,4
1199,1,2062,0,21,29,021029,22,5
1200,1,2063,0,21,29,021029,22,6
1201,1,2064,0,21,29,021029,23,5
1202,1,2065,0,21,29,021029,23,6
1203,1,2066,0,21,30,021030,22,6
1204,1,2067,0,21,30,021030,22,7
1205,1,2068,0,21,30,021030,23,6
1206,1,2069,0,21,30,021030,23,7
1207,1,2070,0,21,31,021031,22,7
1208,1,2071,0,21,31,021031,22,8
1209,1,2072,0,21,31,021031,23,7
1210,1,2073,0,21,31,021031,23,8
1211,1,2074,0,21,32,021032,22,8
1212,1,2075,0,21,32,021032,22,9
1213,1,2076,0,21,32,021032,23,8
1214,1,2077,0,21,32,021032,23,9
1215,1,2078,0,21,33,021033,22,9
1216,1,2079,0,21,33,021033,22,10
1217,1,2080,0,21,33,021033,23,9
1218,1,2081,0,21,33,021033,23,10
1219,1,2082,0,21,34,021034,21,10
1220,1,2083,0,21,34,021034,21,11
1221,1,2084,0,21,34,021034,22,10
1222,1,2085,0,21,34,021034,22,11
1223,1,2086,0,21,34,021034,23,10
1224,1,2087,0,21,34,021034,23,11
1225,1,2088,0,21,35,021035,21,11
1226,1,2089,0,21,35,021035,21,12
1227,1,2090,0,21,35,021035,22,11
1228,1,2091,0,21,35,021035,22,12
1229,1,2092,0,21,35,021035,23,11
1230,1,2093,0,21,35,021035,23,12
1231,1,2094,0,21,36,021036,21,12
1232,1,2095,0,21,36,021036,21,13
1233,1,2096,0,21,36,021036,22,12
1234,1,2097,0,21,36,021036,22,13
1235,1,2098,0,21,37,021037,21,13
1236,1,2099,0,21,37,021037,21,14
1237,1,2100,0,21,37,021037,22,13
1238,1,2101,0,21,37,021037,22,14
1239,1,2102,0,21,37,021037,22,15
1240,1,2103,0,21,38,021038,21,14
1241,1,2104,0,21,38,021038,21,15
1242,1,2105,0,21,38,021038,21,16
1243,1,2106,0,21,38,021038,22,14
1244,1,2107,0,21,38,021038,22,15
1245,1,2108,0,21,38,021038,22,16
1246,1,2109,0,21,39,021039,21,15
1247,1,2110,0,21,39,021039,21,16
1248,1,2111,0,21,39,021039,21,17
1249,1,2112,0,21,39,021039,22,15
1250,1,2113,0,21,39,021039,22,16
1251,1,2114,0,21,39,021039,22,17
1252,1,2115,0,21,40,021040,20,17
1253,1,2116,0,21,40,021040,20,18
1254,1,2117,0,21,40,021040,21,17
1255,1,2118,0,21,40,021040,21,18
1256,1,2119,0,21,40,021040,22,17
1257,1,2120,0,21,40,021040,22,18
1258,1,2150,0,37,26,037026,10,2
1259,1,2151,0,37,26,037026,10,3
1260,1,2152,0,37,26,037026,11,1
1261,1,2153,0,37,26,037026,11,2
1262,1,2154,0,37,26,037026,11,3
1263,1,2155,0,37,26,037026,12,2
1264,1,2156,0,37,27,037027,10,2
1265,1,2157,0,37,27,037027,10,3
1266,1,2158,0,37,27,037027,10,4
1267,1,2159,0,37,27,037027,11,2
1268,1,2160,0,37,27,037027,11,3
1269,1,2161,0,37,27,037027,11,4
1270,1,2162,0,37,28,037028,9,4
1271,1,2163,0,37,28,037028,10,3
1272,1,2164,0,37,28,037028,10,4
1273,1,2165,0,37,28,037028,10,5
1274,1,2166,0,37,28,037028,11,4
1275,1,2167,0,37,28,037028,11,5
1276,1,2168,0,37,29,037029,9,4
1277,1,2169,0,37,29,037029,9,5
1278,1,2170,0,37,29,037029,9,6
1279,1,2171,0,37,29,037029,10,4
1280,1,2172,0,37,29,037029,10,5
1281,1,2173,0,37,29,037029,10,6
1282,1,2174,0,37,29,037029,11,5
1283,1,2175,0,37,30,037030,9,5
1284,1,2176,0,37,30,037030,9,6
1285,1,2177,0,37,30,037030,9,7
1286,1,2178,0,37,30,037030,10,6
1287,1,2179,0,37,30,037030,10,7
1288,1,2180,0,37,31,037031,8,7
1289,1,2181,0,37,31,037031,8,8
1290,1,2182,0,37,31,037031,9,6
1291,1,2183,0,37,31,037031,9,7
1292,1,2184,0,37,31,037031,9,8
1293,1,2185,0,37,31,037031,10,7
1294,1,2186,0,37,32,037032,8,7
1295,1,2187,0,37,32,037032,8,8
1296,1,2188,0,37,32,037032,8,9
1297,1,2189,0,37,32,037032,9,8
1298,1,2190,0,37,32,037032,9,9
1299,1,2191,0,37,33,037033,7,9
1300,1,2192,0,37,33,037033,7,10
1301,1,2193,0,37,33,037033,8,8
1302,1,2194,0,37,33,037033,8,9
1303,1,2195,0,37,33,037033,8,10
1304,1,2196,0,37,33,037033,9,9
1305,1,2197,0,37,33,037033,9,10
1306,1,2198,0,37,34,037034,7,9
1307,1,2199,0,37,34,037034,7,10
1308,1,2200,0,37,34,037034,7,11
1309,1,2201,0,37,34,037034,8,10
1310,1,2202,0,37,34,037034,8,11
1311,1,2203,0,37,35,037035,6,11
1312,1,2204,0,37,35,037035,6,12
1313,1,2205,0,37,35,037035,7,10
1314,1,2206,0,37,35,037035,7,11
1315,1,2207,0,37,35,037035,7,12
1316,1,2208,0,37,35,037035,8,11
1317,1,2209,0,37,35,037035,8,12
1318,1,2210,0,37,36,037036,6,11
1319,1,2211,0,37,36,037036,6,12
1320,1,2212,0,37,36,037036,6,13
1321,1,2213,0,37,36,037036,7,11
1322,1,2214,0,37,36,037036,7,12
1323,1,2215,0,37,36,037036,7,13
1324,1,2216,0,37,36,037036,8,12
1325,1,2217,0,37,37,037037,6,12
1326,1,2218,0,37,37,037037,6,13
1327,1,2219,0,37,37,037037,6,14
1328,1,2220,0,37,37,037037,7,13
1329,1,2221,0,37,37,037037,7,14
1330,1,2222,0,37,38,037038,5,14
1331,1,2223,0,37,38,037038,5,15
1332,1,2224,0,37,38,037038,6,13
1333,1,2225,0,37,38,037038,6,14
1334,1,2226,0,37,38,037038,6,15
1335,1,2227,0,37,38,037038,7,14
1336,1,2228,0,37,38,037038,7,15
1337,1,2281,0,12,27,012027,29,2
1338,1,2282,0,12,27,012027,29,1
1339,1,2283,0,12,27,012027,30,2
1340,1,2284,0,12,27,012027,30,1
1341,1,2285,0,12,27,012027,31,2
1342,1,2286,0,12,27,012027,31,1
1343,1,2287,0,12,28,012028,29,3
1344,1,2288,0,12,28,012028,29,2
1345,1,2289,0,12,28,012028,30,3
1346,1,2290,0,12,28,012028,30,2
1347,1,2291,0,12,28,012028,31,3
1348,1,2292,0,12,28,012028,31,2
1349,1,2293,0,12,29,012029,29,4
1350,1,2294,0,12,29,012029,29,3
1351,1,2295,0,12,29,012029,30,4
1352,1,2296,0,12,29,012029,30,3
1353,1,2297,0,12,29,012029,31,4
1354,1,2298,0,12,29,012029,31,3
1355,1,2299,0,12,30,012030,29,5
1356,1,2300,0,12,30,012030,29,4
1357,1,2301,0,12,30,012030,30,5
1358,1,2302,0,12,30,012030,30,4
1359,1,2303,0,12,30,012030,31,5
1360,1,2304,0,12,30,012030,31,4
1361,1,2305,0,12,31,012031,29,7
1362,1,2306,0,12,31,012031,29,6
1363,1,2307,0,12,31,012031,30,7
1364,1,2308,0,12,31,012031,30,6
1365,1,2309,0,12,31,012031,31,6
1366,1,2310,0,12,31,012031,29,5
1367,1,2311,0,12,31,012031,30,5
1368,1,2312,0,12,31,012031,31,5
1369,1,2313,0,12,32,012032,29,8
1370,1,2314,0,12,32,012032,29,7
1371,1,2315,0,12,32,012032,30,8
1372,1,2316,0,12,32,012032,30,7
1373,1,2317,0,12,32,012032,30,6
1374,1,2318,0,12,32,012032,31,8
1375,1,2319,0,12,32,012032,31,7
1376,1,2320,0,12,32,012032,31,6
1377,1,2405,0,28,26,028026,17,2
1378,1,2406,0,28,26,028026,17,3
1379,1,2407,0,28,26,028026,18,2
1380,1,2408,0,28,26,028026,18,3
1381,1,2409,0,28,26,028026,19,2
1382,1,2410,0,28,27,028027,17,3
1383,1,2411,0,28,27,028027,17,4
1384,1,2412,0,28,27,028027,18,3
1385,1,2413,0,28,27,028027,18,4
1386,1,2414,0,28,28,028028,17,4
1387,1,2415,0,28,28,028028,17,5
1388,1,2416,0,28,28,028028,18,4
1389,1,2417,0,28,28,028028,18,5
1390,1,2418,0,28,29,028029,16,5
1391,1,2419,0,28,29,028029,16,6
1392,1,2420,0,28,29,028029,17,5
1393,1,2421,0,28,29,028029,17,6
1394,1,2422,0,28,29,028029,18,5
1395,1,2423,0,28,29,028029,18,6
1396,1,2424,0,28,30,028030,16,6
1397,1,2425,0,28,30,028030,16,7
1398,1,2426,0,28,30,028030,17,6
1399,1,2427,0,28,30,028030,17,7
1400,1,2428,0,28,30,028030,18,6
1401,1,2429,0,28,31,028031,16,7
1402,1,2430,0,28,31,028031,16,8
1403,1,2431,0,28,31,028031,17,7
1404,1,2432,0,28,31,028031,17,8
1405,1,2433,0,28,32,028032,16,8
1406,1,2434,0,28,32,028032,16,9
1407,1,2435,0,28,32,028032,17,8
1408,1,2436,0,28,32,028032,17,9
1409,1,2437,0,28,33,028033,15,9
1410,1,2438,0,28,33,028033,15,10
1411,1,2439,0,28,33,028033,16,9
1412,1,2440,0,28,33,028033,16,10
1413,1,2441,0,28,33,028033,16,11
1414,1,2442,0,28,33,028033,17,9
1415,1,2443,0,28,33,028033,17,10
1416,1,2444,0,28,33,028033,17,11
1417,1,2445,0,28,34,028034,15,10
1418,1,2446,0,28,34,028034,15,11
1419,1,2447,0,28,34,028034,16,10
1420,1,2448,0,28,34,028034,16,11
1421,1,2449,0,28,34,028034,16,12
1422,1,2450,0,28,34,028034,17,10
1423,1,2451,0,28,34,028034,17,11
1424,1,2452,0,28,35,028035,15,11
1425,1,2453,0,28,35,028035,15,12
1426,1,2454,0,28,35,028035,15,13
1427,1,2455,0,28,35,028035,16,11
1428,1,2456,0,28,35,028035,16,12
1429,1,2457,0,28,35,028035,16,13
1430,1,2458,0,28,36,028036,14,13
1431,1,2459,0,28,36,028036,15,12
1432,1,2460,0,28,36,028036,15,13
1433,1,2461,0,28,36,028036,15,14
1434,1,2462,0,28,36,028036,16,12
1435,1,2463,0,28,36,028036,16,13
1436,1,2464,0,28,36,028036,16,14
1437,1,2465,0,28,37,028037,14,13
1438,1,2466,0,28,37,028037,14,14
1439,1,2467,0,28,37,028037,14,15
1440,1,2468,0,28,37,028037,15,13
1441,1,2469,0,28,37,028037,15,14
1442,1,2470,0,28,37,028037,15,15
1443,1,2471,0,28,37,028037,16,14
1444,1,2472,0,28,38,028038,14,14
1445,1,2473,0,28,38,028038,14,15
1446,1,2474,0,28,38,028038,14,16
1447,1,2475,0,28,38,028038,15,15
1448,1,2476,0,28,38,028038,15,16
1449,1,2477,0,28,39,028039,14,16
1450,1,2478,0,28,39,028039,14,17
1451,1,2479,0,28,39,028039,15,16
1452,1,2480,0,28,39,028039,15,17
1453,1,2481,0,28,40,028040,13,17
1454,1,2482,0,28,40,028040,13,18
1455,1,2483,0,28,40,028040,14,17
1456,1,2484,0,28,40,028040,14,18
1457,1,2485,0,28,40,028040,15,17
1458,1,2486,0,28,40,028040,15,18
1459,1,2487,0,28,41,028041,13,18
1460,1,2488,0,28,41,028041,13,19
1461,1,2489,0,28,41,028041,14,18
1462,1,2490,0,28,41,028041,14,19
1463,1,2491,0,28,41,028041,15,18
1464,1,2510,0,44,26,044026,5,0
1465,1,2511,0,44,26,044026,5,1
1466,1,2512,0,44,26,044026,5,2
1467,1,2513,0,44,26,044026,6,0
1468,1,2514,0,44,26,044026,6,1
1469,1,2515,0,44,26,044026,6,2
1470,1,2516,0,44,26,044026,7,1
1471,1,2517,0,44,27,044027,4,2
1472,1,2518,0,44,27,044027,5,1
1473,1,2519,0,44,27,044027,5,2
1474,1,2520,0,44,27,044027,5,3
1475,1,2521,0,44,27,044027,6,2
1476,1,2522,0,44,27,044027,6,3
1477,1,2523,0,44,28,044028,4,2
1478,1,2524,0,44,28,044028,4,3
1479,1,2525,0,44,28,044028,4,4
1480,1,2526,0,44,28,044028,5,2
1481,1,2527,0,44,28,044028,5,3
1482,1,2528,0,44,28,044028,5,4
1483,1,2529,0,44,28,044028,6,3
1484,1,2530,0,44,29,044029,3,4
1485,1,2531,0,44,29,044029,4,3
1486,1,2532,0,44,29,044029,4,4
1487,1,2533,0,44,29,044029,4,5
1488,1,2534,0,44,29,044029,5,4
1489,1,2535,0,44,29,044029,5,5
1490,1,2536,0,44,30,044030,3,4
1491,1,2537,0,44,30,044030,3,5
1492,1,2538,0,44,30,044030,3,6
1493,1,2539,0,44,30,044030,4,4
1494,1,2540,0,44,30,044030,4,5
1495,1,2541,0,44,30,044030,4,6
1496,1,2542,0,44,31,044031,2,6
1497,1,2543,0,44,31,044031,3,5
1498,1,2544,0,44,31,044031,3,6
1499,1,2545,0,44,31,044031,3,7
1500,1,2546,0,44,31,044031,4,5
1501,1,2547,0,44,31,044031,4,6
1502,1,2548,0,44,32,044032,2,6
1503,1,2549,0,44,32,044032,2,7
1504,1,2550,0,44,32,044032,3,6
1505,1,2551,0,44,32,044032,3,7
1506,1,2552,0,44,32,044032,3,8
1507,1,2553,0,44,33,044033,2,7
1508,1,2554,0,44,33,044033,2,8
1509,1,2555,0,44,33,044033,2,9
1510,1,2556,0,44,33,044033,3,7
1511,1,2557,0,44,33,044033,3,8
1512,1,2558,0,44,33,044033,1,8
1513,1,2559,0,44,34,044034,2,8
1514,1,2560,0,44,34,044034,2,9
1515,1,2561,0,44,34,044034,2,10
1516,1,2562,0,44,34,044034,1,8
1517,1,2563,0,44,34,044034,1,9
1518,1,2564,0,44,35,044035,2,9
1519,1,2565,0,44,35,044035,2,10
1520,1,2566,0,44,35,044035,1,9
1521,1,2567,0,44,35,044035,0,9
1522,1,2568,0,44,35,044035,1,10
1523,1,2569,0,44,35,044035,0,10
1524,1,2570,0,44,35,044035,1,11
1525,1,2609,0,19,30,019030,24,5
1526,1,2610,0,19,30,019030,24,6
1527,1,2611,0,19,30,019030,24,7
1528,1,2612,0,19,30,019030,25,5
1529,1,2613,0,19,30,019030,25,6
1530,1,2614,0,19,30,019030,25,7
1531,1,2615,0,19,31,019031,24,7
1532,1,2616,0,19,31,019031,24,8
1533,1,2617,0,19,31,019031,25,7
1534,1,2618,0,19,31,019031,25,8
1535,1,2619,0,19,32,019032,23,8
1536,1,2620,0,19,32,019032,23,9
1537,1,2621,0,19,32,019032,24,8
1538,1,2622,0,19,32,019032,24,9
1539,1,2623,0,19,32,019032,25,8
1540,1,2624,0,19,32,019032,25,9
1541,1,2625,0,19,33,019033,23,9
1542,1,2626,0,19,33,019033,23,10
1543,1,2627,0,19,33,019033,24,9
1544,1,2628,0,19,33,019033,24,10
1545,1,2629,0,19,33,019033,25,9
1546,1,2630,0,19,33,019033,25,10
1547,1,2631,0,19,34,019034,23,10
1548,1,2632,0,19,34,019034,23,11
1549,1,2633,0,19,34,019034,24,10
1550,1,2634,0,19,34,019034,24,11
1551,1,2635,0,19,34,019034,25,10
1552,1,2636,0,19,35,019035,23,11
1553,1,2637,0,19,35,019035,23,12
1554,1,2638,0,19,35,019035,24,11
1555,1,2639,0,19,35,019035,24,12
1556,1,2640,0,19,36,019036,23,12
1557,1,2641,0,19,36,019036,23,13
1558,1,2642,0,19,36,019036,24,12
1559,1,2643,0,19,36,019036,24,13
1560,1,2644,0,19,37,019037,23,13
1561,1,2645,0,19,37,019037,23,14
1562,1,2646,0,19,37,019037,24,13
1563,1,2647,0,19,37,019037,24,14
1564,1,2648,0,19,38,019038,23,14
1565,1,2649,0,19,38,019038,23,15
1566,1,2650,0,19,38,019038,24,14
1567,1,2651,0,19,38,019038,24,15
1568,1,2652,0,19,39,019039,23,15
1569,1,2653,0,19,39,019039,23,16
1570,1,2654,0,19,39,019039,24,15
1571,1,2655,0,19,39,019039,24,16
1572,1,2696,0,35,26,035026,12,2
1573,1,2697,0,35,26,035026,12,3
1574,1,2698,0,35,26,035026,13,2
1575,1,2699,0,35,26,035026,13,3
1576,1,2700,0,35,27,035027,11,3
1577,1,2701,0,35,27,035027,11,4
1578,1,2702,0,35,27,035027,12,3
1579,1,2703,0,35,27,035027,12,4
1580,1,2704,0,35,27,035027,13,3
1581,1,2705,0,35,27,035027,13,4
1582,1,2706,0,35,28,035028,11,4
1583,1,2707,0,35,28,035028,11,5
1584,1,2708,0,35,28,035028,12,4
1585,1,2709,0,35,28,035028,12,5
1586,1,2710,0,35,28,035028,13,4
1587,1,2711,0,35,29,035029,11,5
1588,1,2712,0,35,29,035029,11,6
1589,1,2713,0,35,29,035029,12,5
1590,1,2714,0,35,29,035029,12,6
1591,1,2715,0,35,30,035030,10,6
1592,1,2716,0,35,30,035030,10,7
1593,1,2717,0,35,30,035030,11,6
1594,1,2718,0,35,30,035030,11,7
1595,1,2719,0,35,30,035030,12,6
1596,1,2720,0,35,30,035030,12,7
1597,1,2721,0,35,31,035031,10,7
1598,1,2722,0,35,31,035031,10,8
1599,1,2723,0,35,31,035031,11,7
1600,1,2724,0,35,31,035031,11,8
1601,1,2725,0,35,32,035032,9,9
1602,1,2726,0,35,32,035032,10,8
1603,1,2727,0,35,32,035032,10,9
1604,1,2728,0,35,32,035032,11,8
1605,1,2729,0,35,32,035032,11,9
1606,1,2730,0,35,33,035033,9,9
1607,1,2731,0,35,33,035033,9,10
1608,1,2732,0,35,33,035033,10,9
1609,1,2733,0,35,33,035033,10,10
1610,1,2734,0,35,33,035033,11,9
1611,1,2735,0,35,34,035034,9,10
1612,1,2736,0,35,34,035034,9,11
1613,1,2737,0,35,34,035034,10,10
1614,1,2738,0,35,34,035034,10,11
1615,1,2739,0,35,35,035035,8,11
1616,1,2740,0,35,35,035035,8,12
1617,1,2741,0,35,35,035035,9,11
1618,1,2742,0,35,35,035035,9,12
1619,1,2743,0,35,35,035035,10,11
1620,1,2744,0,35,35,035035,10,12
1621,1,2745,0,35,36,035036,8,12
1622,1,2746,0,35,36,035036,8,13
1623,1,2747,0,35,36,035036,9,12
1624,1,2748,0,35,36,035036,9,13
1625,1,2749,0,35,37,035037,8,13
1626,1,2750,0,35,37,035037,8,14
1627,1,2751,0,35,37,035037,9,13
1628,1,2752,0,35,37,035037,9,14
1629,1,2753,0,35,38,035038,7,14
1630,1,2754,0,35,38,035038,7,15
1631,1,2755,0,35,38,035038,8,14
1632,1,2756,0,35,38,035038,8,15
1633,1,2757,0,35,38,035038,9,14
1634,1,2758,0,35,38,035038,9,15
1635,1,2811,0,10,28,010028,31,3
1636,1,2812,0,10,28,010028,31,2
1637,1,2813,0,10,28,010028,32,3
1638,1,2814,0,10,28,010028,32,2
1639,1,2815,0,10,29,010029,31,4
1640,1,2816,0,10,29,010029,31,3
1641,1,2817,0,10,29,010029,32,4
1642,1,2818,0,10,29,010029,32,3
1643,1,2819,0,10,30,010030,31,5
1644,1,2820,0,10,30,010030,31,4
1645,1,2821,0,10,30,010030,32,5
1646,1,2822,0,10,30,010030,32,4
1647,1,2892,0,26,26,026026,19,2
1648,1,2893,0,26,26,026026,19,3
1649,1,2894,0,26,26,026026,20,2
1650,1,2895,0,26,26,026026,20,3
1651,1,2896,0,26,27,026027,18,4
1652,1,2897,0,26,27,026027,19,3
1653,1,2898,0,26,27,026027,19,4
1654,1,2899,0,26,27,026027,20,3
1655,1,2900,0,26,27,026027,20,4
1656,1,2901,0,26,28,026028,18,4
1657,1,2902,0,26,28,026028,18,5
1658,1,2903,0,26,28,026028,19,4
1659,1,2904,0,26,28,026028,19,5
1660,1,2905,0,26,28,026028,20,4
1661,1,2906,0,26,28,026028,20,5
1662,1,2907,0,26,29,026029,18,5
1663,1,2908,0,26,29,026029,18,6
1664,1,2909,0,26,29,026029,19,5
1665,1,2910,0,26,29,026029,19,6
1666,1,2911,0,26,30,026030,18,6
1667,1,2912,0,26,30,026030,18,7
1668,1,2913,0,26,30,026030,19,6
1669,1,2914,0,26,30,026030,19,7
1670,1,2915,0,26,31,026031,18,7
1671,1,2916,0,26,31,026031,18,8
1672,1,2917,0,26,31,026031,19,7
1673,1,2918,0,26,31,026031,19,8
1674,1,2919,0,26,32,026032,17,8
1675,1,2920,0,26,32,026032,17,9
1676,1,2921,0,26,32,026032,18,8
1677,1,2922,0,26,32,026032,18,9
1678,1,2923,0,26,32,026032,19,8
1679,1,2924,0,26,32,026032,19,9
1680,1,2925,0,26,33,026033,17,9
1681,1,2926,0,26,33,026033,17,10
1682,1,2927,0,26,33,026033,18,9
1683,1,2928,0,26,33,026033,18,10
1684,1,2929,0,26,33,026033,19,9
1685,1,2930,0,26,33,026033,19,10
1686,1,2931,0,26,34,026034,17,10
1687,1,2932,0,26,34,026034,17,11
1688,1,2933,0,26,34,026034,18,10
1689,1,2934,0,26,34,026034,18,11
1690,1,2935,0,26,34,026034,18,12
1691,1,2936,0,26,35,026035,17,11
1692,1,2937,0,26,35,026035,17,12
1693,1,2938,0,26,35,026035,17,13
1694,1,2939,0,26,35,026035,18,11
1695,1,2940,0,26,35,026035,18,12
1696,1,2941,0,26,35,026035,18,13
1697,1,2942,0,26,36,026036,16,13
1698,1,2943,0,26,36,026036,16,14
1699,1,2944,0,26,36,026036,17,12
1700,1,2945,0,26,36,026036,17,13
1701,1,2946,0,26,36,026036,17,14
1702,1,2947,0,26,36,026036,18,13
1703,1,2948,0,26,36,026036,18,14
1704,1,2949,0,26,37,026037,16,13
1705,1,2950,0,26,37,026037,16,14
1706,1,2951,0,26,37,026037,16,15
1707,1,2952,0,26,37,026037,17,13
1708,1,2953,0,26,37,026037,17,14
1709,1,2954,0,26,37,026037,17,15
1710,1,2955,0,26,37,026037,18,14
1711,1,2956,0,26,38,026038,16,15
1712,1,2957,0,26,38,026038,16,16
1713,1,2958,0,26,38,026038,17,15
1714,1,2959,0,26,38,026038,17,16
1715,1,2960,0,26,39,026039,16,16
1716,1,2961,0,26,39,026039,16,17
1717,1,2962,0,26,39,026039,17,16
1718,1,2963,0,26,39,026039,17,17
1719,1,2964,0,26,40,026040,15,17
1720,1,2965,0,26,40,026040,15,18
1721,1,2966,0,26,40,026040,16,17
1722,1,2967,0,26,40,026040,16,18
1723,1,2968,0,26,40,026040,17,17
1724,1,2969,0,26,40,026040,17,18
1725,1,2970,0,26,41,026041,15,18
1726,1,2971,0,26,41,026041,15,19
1727,1,2972,0,26,41,026041,16,18
1728,1,2973,0,26,41,026041,16,19
1729,1,2974,0,26,41,026041,17,18
1730,1,2975,0,26,42,026042,15,19
1731,1,2976,0,26,42,026042,15,20
1732,1,2977,0,26,42,026042,16,19
1733,1,2978,0,26,42,026042,16,20
1734,1,2994,0,42,26,042026,6,2
1735,1,2995,0,42,26,042026,7,1
1736,1,2996,0,42,26,042026,7,2
1737,1,2997,0,42,26,042026,8,1
1738,1,2998,0,42,26,042026,8,2
1739,1,2999,0,42,27,042027,6,2
1740,1,3000,0,42,27,042027,6,3
1741,1,3001,0,42,27,042027,7,2
1742,1,3002,0,42,27,042027,7,3
1743,1,3003,0,42,27,042027,8,2
1744,1,3004,0,42,28,042028,5,4
1745,1,3005,0,42,28,042028,6,3
1746,1,3006,0,42,28,042028,6,4
1747,1,3007,0,42,28,042028,7,3
1748,1,3008,0,42,28,042028,7,4
1749,1,3009,0,42,29,042029,5,4
1750,1,3010,0,42,29,042029,5,5
1751,1,3011,0,42,29,042029,6,4
1752,1,3012,0,42,29,042029,6,5
1753,1,3013,0,42,29,042029,7,4
1754,1,3014,0,42,30,042030,4,6
1755,1,3015,0,42,30,042030,5,5
1756,1,3016,0,42,30,042030,5,6
1757,1,3017,0,42,30,042030,6,5
1758,1,3018,0,42,30,042030,6,6
1759,1,3019,0,42,31,042031,4,6
1760,1,3020,0,42,31,042031,4,7
1761,1,3021,0,42,31,042031,5,6
1762,1,3022,0,42,31,042031,5,7
1763,1,3023,0,42,31,042031,6,6
1764,1,3024,0,42,32,042032,3,7
1765,1,3025,0,42,32,042032,3,8
1766,1,3026,0,42,32,042032,4,7
1767,1,3027,0,42,32,042032,4,8
1768,1,3028,0,42,32,042032,5,7
1769,1,3029,0,42,32,042032,5,8
1770,1,3030,0,42,33,042033,3,8
1771,1,3031,0,42,33,042033,3,9
1772,1,3032,0,42,33,042033,4,8
1773,1,3033,0,42,33,042033,4,9
1774,1,3034,0,42,33,042033,5,8
1775,1,3035,0,42,34,042034,2,9
1776,1,3036,0,42,34,042034,2,10
1777,1,3037,0,42,34,042034,3,9
1778,1,3038,0,42,34,042034,3,10
1779,1,3039,0,42,34,042034,4,9
1780,1,3040,0,42,34,042034,4,10
1781,1,3041,0,42,35,042035,2,9
1782,1,3042,0,42,35,042035,2,10
1783,1,3043,0,42,35,042035,2,11
1784,1,3044,0,42,35,042035,3,9
1785,1,3045,0,42,35,042035,3,10
1786,1,3046,0,42,35,042035,3,11
1787,1,3047,0,42,35,042035,4,10
1788,1,3048,0,42,36,042036,2,10
1789,1,3049,0,42,36,042036,2,11
1790,1,3050,0,42,36,042036,2,12
1791,1,3051,0,42,36,042036,3,11
1792,1,3052,0,42,36,042036,3,12
1793,1,3053,0,42,36,042036,1,11
1794,1,3054,0,42,36,042036,1,12
1795,1,3055,0,42,37,042037,2,11
1796,1,3056,0,42,37,042037,2,12
1797,1,3057,0,42,37,042037,2,13
1798,1,3058,0,42,37,042037,3,12
1799,1,3059,0,42,37,042037,1,11
1800,1,3060,0,42,37,042037,1,12
1801,1,3061,0,42,37,042037,1,13
1802,1,3114,0,17,30,017030,25,5
1803,1,3115,0,17,30,017030,25,6
1804,1,3116,0,17,30,017030,26,5
1805,1,3117,0,17,30,017030,26,6
1806,1,3118,0,17,30,017030,27,5
1807,1,3119,0,17,30,017030,27,6
1808,1,3120,0,17,31,017031,25,6
1809,1,3121,0,17,31,017031,25,7
1810,1,3122,0,17,31,017031,26,6
1811,1,3123,0,17,31,017031,26,7
1812,1,3124,0,17,31,017031,27,6
1813,1,3125,0,17,31,017031,27,7
1814,1,3126,0,17,32,017032,25,7
1815,1,3127,0,17,32,017032,25,8
1816,1,3128,0,17,32,017032,25,9
1817,1,3129,0,17,32,017032,26,7
1818,1,3130,0,17,32,017032,26,8
1819,1,3131,0,17,32,017032,26,9
1820,1,3132,0,17,33,017033,25,8
1821,1,3133,0,17,33,017033,25,9
1822,1,3134,0,17,33,017033,25,10
1823,1,3135,0,17,33,017033,26,8
1824,1,3136,0,17,33,017033,26,9
1825,1,3137,0,17,33,017033,26,10
1826,1,3138,0,17,34,017034,25,10
1827,1,3139,0,17,34,017034,25,11
1828,1,3140,0,17,34,017034,26,10
1829,1,3141,0,17,34,017034,26,11
1830,1,3142,0,17,35,017035,25,11
1831,1,3143,0,17,35,017035,25,12
1832,1,3144,0,17,35,017035,26,11
1833,1,3145,0,17,35,017035,26,12
1834,1,3146,0,17,36,017036,25,12
1835,1,3147,0,17,36,017036,25,13
1836,1,3148,0,17,36,017036,26,12
1837,1,3149,0,17,36,017036,26,13
1838,1,3150,0,17,37,017037,25,13
1839,1,3151,0,17,37,017037,25,14
1840,1,3152,0,17,37,017037,26,13
1841,1,3153,0,17,37,017037,26,14
1842,1,3154,0,17,38,017038,25,14
1843,1,3155,0,17,38,017038,25,15
1844,1,3156,0,17,38,017038,26,14
1845,1,3157,0,17,38,017038,26,15
1846,1,3158,0,17,39,017039,25,15
1847,1,3159,0,17,39,017039,25,16
1848,1,3160,0,17,39,017039,26,15
1849,1,3161,0,17,39,017039,26,16
1850,1,3162,0,17,40,017040,25,16
1851,1,3163,0,17,40,017040,25,17
1852,1,3164,0,17,40,017040,26,16
1853,1,3165,0,17,40,017040,26,17
1854,1,3166,0,17,41,017041,24,17
1855,1,3167,0,17,41,017041,24,18
1856,1,3168,0,17,41,017041,25,17
1857,1,3169,0,17,41,017041,25,18
1858,1,3170,0,17,41,017041,26,17
1859,1,3171,0,17,41,017041,26,18
1860,1,3178,0,17,43,017043,24,19
1861,1,3179,0,17,43,017043,24,20
1862,1,3180,0,17,43,017043,25,19
1863,1,3181,0,17,43,017043,25,20
1864,1,3182,0,17,43,017043,26,19
1865,1,3183,0,17,43,017043,26,20
1866,1,3184,0,17,43,017043,25,21
1867,1,3202,0,33,26,033026,13,2
1868,1,3203,0,33,26,033026,13,3
1869,1,3204,0,33,26,033026,14,2
1870,1,3205,0,33,26,033026,14,3
1871,1,3206,0,33,26,033026,15,2
1872,1,3207,0,33,26,033026,15,3
1873,1,3208,0,33,27,033027,13,3
1874,1,3209,0,33,27,033027,13,4
1875,1,3210,0,33,27,033027,14,3
1876,1,3211,0,33,27,033027,14,4
1877,1,3212,0,33,28,033028,13,4
1878,1,3213,0,33,28,033028,13,5
1879,1,3214,0,33,28,033028,14,4
1880,1,3215,0,33,28,033028,14,5
1881,1,3216,0,33,29,033029,12,5
1882,1,3217,0,33,29,033029,12,6
1883,1,3218,0,33,29,033029,13,5
1884,1,3219,0,33,29,033029,13,6
1885,1,3220,0,33,29,033029,14,5
1886,1,3221,0,33,29,033029,14,6
1887,1,3222,0,33,30,033030,12,6
1888,1,3223,0,33,30,033030,12,7
1889,1,3224,0,33,30,033030,13,6
1890,1,3225,0,33,30,033030,13,7
1891,1,3226,0,33,31,033031,12,7
1892,1,3227,0,33,31,033031,12,8
1893,1,3228,0,33,31,033031,13,7
1894,1,3229,0,33,31,033031,13,8
1895,1,3230,0,33,32,033032,11,8
1896,1,3231,0,33,32,033032,11,9
1897,1,3232,0,33,32,033032,12,8
1898,1,3233,0,33,32,033032,12,9
1899,1,3234,0,33,32,033032,13,8
1900,1,3235,0,33,32,033032,13,9
1901,1,3236,0,33,33,033033,11,9
1902,1,3237,0,33,33,033033,11,10
1903,1,3238,0,33,33,033033,12,9
1904,1,3239,0,33,33,033033,12,10
1905,1,3240,0,33,34,033034,11,10
1906,1,3241,0,33,34,033034,11,11
1907,1,3242,0,33,34,033034,12,10
1908,1,3243,0,33,34,033034,12,11
1909,1,3244,0,33,35,033035,10,11
1910,1,3245,0,33,35,033035,10,12
1911,1,3246,0,33,35,033035,11,11
1912,1,3247,0,33,35,033035,11,12
1913,1,3248,0,33,35,033035,12,11
1914,1,3249,0,33,35,033035,12,12
1915,1,3250,0,33,36,033036,10,12
1916,1,3251,0,33,36,033036,10,13
1917,1,3252,0,33,36,033036,11,12
1918,1,3253,0,33,36,033036,11,13
1919,1,3254,0,33,37,033037,9,14
1920,1,3255,0,33,37,033037,10,13
1921,1,3256,0,33,37,033037,10,14
1922,1,3257,0,33,37,033037,11,13
1923,1,3258,0,33,37,033037,11,14
1924,1,3259,0,33,38,033038,9,14
1925,1,3260,0,33,38,033038,9,15
1926,1,3261,0,33,38,033038,10,14
1927,1,3262,0,33,38,033038,10,15
1928,1,3263,0,33,38,033038,10,16
1929,1,3264,0,33,38,033038,11,14
1930,1,3265,0,33,38,033038,11,15
1931,1,3358,0,24,27,024027,20,3
1932,1,3359,0,24,27,024027,20,4
1933,1,3360,0,24,27,024027,21,3
1934,1,3361,0,24,27,024027,21,4
1935,1,3362,0,24,28,024028,20,4
1936,1,3363,0,24,28,024028,20,5
1937,1,3364,0,24,28,024028,21,4
1938,1,3365,0,24,28,024028,21,5
1939,1,3366,0,24,29,024029,20,5
1940,1,3367,0,24,29,024029,20,6
1941,1,3368,0,24,29,024029,21,5
1942,1,3369,0,24,29,024029,21,6
1943,1,3370,0,24,30,024030,19,7
1944,1,3371,0,24,30,024030,20,6
1945,1,3372,0,24,30,024030,20,7
1946,1,3373,0,24,30,024030,21,6
1947,1,3374,0,24,30,024030,21,7
1948,1,3375,0,24,31,024031,19,7
1949,1,3376,0,24,31,024031,19,8
1950,1,3377,0,24,31,024031,20,7
1951,1,3378,0,24,31,024031,20,8
1952,1,3379,0,24,31,024031,21,7
1953,1,3380,0,24,31,024031,21,8
1954,1,3381,0,24,32,024032,19,8
1955,1,3382,0,24,32,024032,19,9
1956,1,3383,0,24,32,024032,20,8
1957,1,3384,0,24,32,024032,20,9
1958,1,3385,0,24,33,024033,19,9
1959,1,3386,0,24,33,024033,19,10
1960,1,3387,0,24,33,024033,20,9
1961,1,3388,0,24,33,024033,20,10
1962,1,3389,0,24,34,024034,19,10
1963,1,3390,0,24,34,024034,19,11
1964,1,3391,0,24,34,024034,20,10
1965,1,3392,0,24,34,024034,20,11
1966,1,3393,0,24,35,024035,18,12
1967,1,3394,0,24,35,024035,19,11
1968,1,3395,0,24,35,024035,19,12
1969,1,3396,0,24,35,024035,19,13
1970,1,3397,0,24,35,024035,20,11
1971,1,3398,0,24,35,024035,20,12
1972,1,3399,0,24,35,024035,20,13
1973,1,3400,0,24,36,024036,18,12
1974,1,3401,0,24,36,024036,18,13
1975,1,3402,0,24,36,024036,18,14
1976,1,3403,0,24,36,024036,19,12
1977,1,3404,0,24,36,024036,19,13
1978,1,3405,0,24,36,024036,19,14
1979,1,3406,0,24,36,024036,20,12
1980,1,3407,0,24,36,024036,20,13
1981,1,3408,0,24,36,024036,20,14
1982,1,3409,0,24,37,024037,18,13
1983,1,3410,0,24,37,024037,18,14
1984,1,3411,0,24,37,024037,18,15
1985,1,3412,0,24,37,024037,19,13
1986,1,3413,0,24,37,024037,19,14
1987,1,3414,0,24,37,024037,19,15
1988,1,3415,0,24,38,024038,18,14
1989,1,3416,0,24,38,024038,18,15
1990,1,3417,0,24,38,024038,18,16
1991,1,3418,0,24,38,024038,19,15
1992,1,3419,0,24,38,024038,19,16
1993,1,3420,0,24,39,024039,18,16
1994,1,3421,0,24,39,024039,18,17
1995,1,3422,0,24,39,024039,19,16
1996,1,3423,0,24,39,024039,19,17
1997,1,3424,0,24,40,024040,17,17
1998,1,3425,0,24,40,024040,17,18
1999,1,3426,0,24,40,024040,18,17
2000,1,3427,0,24,40,024040,18,18
2001,1,3428,0,24,40,024040,19,17
2002,1,3429,0,24,40,024040,19,18
2003,1,3457,0,40,26,040026,8,1
2004,1,3458,0,40,26,040026,8,2
2005,1,3459,0,40,26,040026,9,1
2006,1,3460,0,40,26,040026,9,2
2007,1,3461,0,40,26,040026,9,3
2008,1,3462,0,40,26,040026,10,1
2009,1,3463,0,40,26,040026,10,2
2010,1,3464,0,40,27,040027,7,3
2011,1,3465,0,40,27,040027,8,2
2012,1,3466,0,40,27,040027,8,3
2013,1,3467,0,40,27,040027,9,2
2014,1,3468,0,40,27,040027,9,3
2015,1,3469,0,40,28,040028,7,3
2016,1,3470,0,40,28,040028,7,4
2017,1,3471,0,40,28,040028,8,3
2018,1,3472,0,40,28,040028,8,4
2019,1,3473,0,40,28,040028,9,3
2020,1,3474,0,40,28,040028,9,4
2021,1,3475,0,40,29,040029,7,4
2022,1,3476,0,40,29,040029,7,5
2023,1,3477,0,40,29,040029,8,4
2024,1,3478,0,40,29,040029,8,5
2025,1,3479,0,40,30,040030,6,5
2026,1,3480,0,40,30,040030,6,6
2027,1,3481,0,40,30,040030,7,5
2028,1,3482,0,40,30,040030,7,6
2029,1,3483,0,40,30,040030,8,5
2030,1,3484,0,40,30,040030,8,6
2031,1,3485,0,40,31,040031,6,6
2032,1,3486,0,40,31,040031,6,7
2033,1,3487,0,40,31,040031,7,6
2034,1,3488,0,40,31,040031,7,7
2035,1,3489,0,40,32,040032,5,7
2036,1,3490,0,40,32,040032,5,8
2037,1,3491,0,40,32,040032,6,7
2038,1,3492,0,40,32,040032,6,8
2039,1,3493,0,40,32,040032,7,7
2040,1,3494,0,40,32,040032,7,8
2041,1,3495,0,40,33,040033,5,8
2042,1,3496,0,40,33,040033,5,9
2043,1,3497,0,40,33,040033,6,8
2044,1,3498,0,40,33,040033,6,9
2045,1,3499,0,40,34,040034,4,9
2046,1,3500,0,40,34,040034,4,10
2047,1,3501,0,40,34,040034,5,9
2048,1,3502,0,40,34,040034,5,10
2049,1,3503,0,40,34,040034,6,9
2050,1,3504,0,40,34,040034,6,10
2051,1,3505,0,40,35,040035,4,10
2052,1,3506,0,40,35,040035,4,11
2053,1,3507,0,40,35,040035,5,10
2054,1,3508,0,40,35,040035,5,11
2055,1,3509,0,40,36,040036,3,12
2056,1,3510,0,40,36,040036,4,11
2057,1,3511,0,40,36,040036,4,12
2058,1,3512,0,40,36,040036,5,11
2059,1,3513,0,40,36,040036,5,12
2060,1,3514,0,40,37,040037,3,12
2061,1,3515,0,40,37,040037,3,13
2062,1,3516,0,40,37,040037,4,12
2063,1,3517,0,40,37,040037,4,13
2064,1,3573,0,15,29,015029,27,4
2065,1,3574,0,15,29,015029,27,5
2066,1,3575,0,15,29,015029,28,4
2067,1,3576,0,15,29,015029,28,5
2068,1,3577,0,15,30,015030,27,5
2069,1,3578,0,15,30,015030,27,6
2070,1,3579,0,15,30,015030,28,5
2071,1,3580,0,15,30,015030,28,6
2072,1,3581,0,15,31,015031,27,6
2073,1,3582,0,15,31,015031,27,7
2074,1,3583,0,15,31,015031,28,6
2075,1,3584,0,15,31,015031,28,7
2076,1,3585,0,15,32,015032,27,7
2077,1,3586,0,15,32,015032,27,8
2078,1,3587,0,15,32,015032,28,7
2079,1,3588,0,15,32,015032,28,8
2080,1,3589,0,15,33,015033,27,8
2081,1,3590,0,15,33,015033,27,9
2082,1,3591,0,15,33,015033,28,8
2083,1,3592,0,15,33,015033,28,9
2084,1,3593,0,15,34,015034,27,9
2085,1,3594,0,15,34,015034,27,10
2086,1,3595,0,15,34,015034,28,9
2087,1,3596,0,15,34,015034,28,10
2088,1,3597,0,15,35,015035,27,10
2089,1,3598,0,15,35,015035,27,11
2090,1,3599,0,15,35,015035,27,12
2091,1,3600,0,15,35,015035,28,10
2092,1,3601,0,15,35,015035,28,11
2093,1,3602,0,15,35,015035,28,12
2094,1,3603,0,15,36,015036,27,11
2095,1,3604,0,15,36,015036,27,12
2096,1,3605,0,15,36,015036,27,13
2097,1,3606,0,15,36,015036,28,11
2098,1,3607,0,15,36,015036,28,12
2099,1,3608,0,15,36,015036,28,13
2100,1,3609,0,15,37,015037,27,13
2101,1,3610,0,15,37,015037,27,14
2102,1,3611,0,15,37,015037,28,13
2103,1,3612,0,15,37,015037,28,14
2104,1,3621,0,15,40,015040,27,16
2105,1,3622,0,15,40,015040,27,17
2106,1,3623,0,15,40,015040,28,16
2107,1,3624,0,15,40,015040,28,17
2108,1,3625,0,15,41,015041,26,17
2109,1,3626,0,15,41,015041,26,18
2110,1,3627,0,15,41,015041,27,17
2111,1,3628,0,15,41,015041,27,18
2112,1,3629,0,15,41,015041,28,17
2113,1,3630,0,15,41,015041,28,18
2114,1,3631,0,15,42,015042,26,18
2115,1,3632,0,15,42,015042,26,19
2116,1,3633,0,15,42,015042,27,18
2117,1,3634,0,15,42,015042,27,19
2118,1,3635,0,15,42,015042,28,18
2119,1,3636,0,15,42,015042,28,19
2120,1,3637,0,15,43,015043,26,19
2121,1,3638,0,15,43,015043,26,20
2122,1,3639,0,15,43,015043,27,19
2123,1,3640,0,15,43,015043,27,20
2124,1,3641,0,15,43,015043,28,19
2125,1,3642,0,15,43,015043,28,20
2126,1,3664,0,31,26,031026,15,2
2127,1,3665,0,31,26,031026,15,3
2128,1,3666,0,31,26,031026,16,2
2129,1,3667,0,31,26,031026,16,3
2130,1,3668,0,31,27,031027,14,4
2131,1,3669,0,31,27,031027,15,3
2132,1,3670,0,31,27,031027,15,4
2133,1,3671,0,31,27,031027,16,3
2134,1,3672,0,31,27,031027,16,4
2135,1,3673,0,31,28,031028,14,4
2136,1,3674,0,31,28,031028,14,5
2137,1,3675,0,31,28,031028,15,4
2138,1,3676,0,31,28,031028,15,5
2139,1,3677,0,31,28,031028,16,4
2140,1,3678,0,31,28,031028,16,5
2141,1,3679,0,31,29,031029,14,5
2142,1,3680,0,31,29,031029,14,6
2143,1,3681,0,31,29,031029,15,5
2144,1,3682,0,31,29,031029,15,6
2145,1,3683,0,31,30,031030,14,6
2146,1,3684,0,31,30,031030,14,7
2147,1,3685,0,31,30,031030,15,6
2148,1,3686,0,31,30,031030,15,7
2149,1,3687,0,31,31,031031,13,7
2150,1,3688,0,31,31,031031,13,8
2151,1,3689,0,31,31,031031,14,7
2152,1,3690,0,31,31,031031,14,8
2153,1,3691,0,31,31,031031,15,7
2154,1,3692,0,31,31,031031,15,8
2155,1,3693,0,31,32,031032,13,8
2156,1,3694,0,31,32,031032,13,9
2157,1,3695,0,31,32,031032,14,8
2158,1,3696,0,31,32,031032,14,9
2159,1,3697,0,31,33,031033,13,9
2160,1,3698,0,31,33,031033,13,10
2161,1,3699,0,31,33,031033,14,9
2162,1,3700,0,31,33,031033,14,10
2163,1,3701,0,31,34,031034,12,11
2164,1,3702,0,31,34,031034,13,10
2165,1,3703,0,31,34,031034,13,11
2166,1,3704,0,31,34,031034,14,10
2167,1,3705,0,31,34,031034,14,11
2168,1,3706,0,31,35,031035,12,11
2169,1,3707,0,31,35,031035,12,12
2170,1,3708,0,31,35,031035,13,11
2171,1,3709,0,31,35,031035,13,12
2172,1,3710,0,31,35,031035,13,13
2173,1,3711,0,31,35,031035,14,11
2174,1,3712,0,31,36,031036,12,12
2175,1,3713,0,31,36,031036,12,13
2176,1,3714,0,31,36,031036,12,14
2177,1,3715,0,31,36,031036,13,12
2178,1,3716,0,31,36,031036,13,13
2179,1,3717,0,31,36,031036,13,14
2180,1,3718,0,31,37,031037,11,14
2181,1,3719,0,31,37,031037,12,13
2182,1,3720,0,31,37,031037,12,14
2183,1,3721,0,31,37,031037,12,15
2184,1,3722,0,31,37,031037,13,13
2185,1,3723,0,31,37,031037,13,14
2186,1,3724,0,31,37,031037,13,15
2187,1,3725,0,31,38,031038,11,14
2188,1,3726,0,31,38,031038,11,15
2189,1,3727,0,31,38,031038,11,16
2190,1,3728,0,31,38,031038,12,14
2191,1,3729,0,31,38,031038,12,15
2192,1,3730,0,31,38,031038,12,16
2193,1,3731,0,31,38,031038,13,15
2194,1,3732,0,31,39,031039,11,15
2195,1,3733,0,31,39,031039,11,16
2196,1,3734,0,31,39,031039,11,17
2197,1,3735,0,31,39,031039,12,15
2198,1,3736,0,31,39,031039,12,16
2199,1,3737,0,31,39,031039,12,17
2200,1,3738,0,31,40,031040,10,17
2201,1,3739,0,31,40,031040,11,16
2202,1,3740,0,31,40,031040,11,17
2203,1,3741,0,31,40,031040,11,18
2204,1,3742,0,31,40,031040,12,17
2205,1,3743,0,31,40,031040,12,18
2206,1,3772,0,47,26,047026,3,0
2207,1,3773,0,47,26,047026,3,1
2208,1,3774,0,47,26,047026,4,0
2209,1,3775,0,47,26,047026,4,1
2210,1,3776,0,47,27,047027,2,1
2211,1,3777,0,47,27,047027,2,2
2212,1,3778,0,47,27,047027,3,1
2213,1,3779,0,47,27,047027,3,2
2214,1,3780,0,47,27,047027,4,1
2215,1,3781,0,47,27,047027,4,2
2216,1,3782,0,47,28,047028,2,2
2217,1,3783,0,47,28,047028,2,3
2218,1,3784,0,47,28,047028,3,2
2219,1,3785,0,47,28,047028,3,3
2220,1,3786,0,47,29,047029,2,3
2221,1,3787,0,47,29,047029,2,4
2222,1,3788,0,47,29,047029,3,3
2223,1,3789,0,47,29,047029,1,3
2224,1,3790,0,47,29,047029,1,4
2225,1,3791,0,47,30,047030,2,4
2226,1,3792,0,47,30,047030,2,5
2227,1,3793,0,47,30,047030,1,3
2228,1,3794,0,47,30,047030,1,4
2229,1,3795,0,47,30,047030,0,4
2230,1,3796,0,47,30,047030,1,5
2231,1,3797,0,47,30,047030,0,5
2232,1,3798,0,47,31,047031,2,5
2233,1,3799,0,47,31,047031,1,4
2234,1,3800,0,47,31,047031,0,4
2235,1,3801,0,47,31,047031,1,5
2236,1,3802,0,47,31,047031,0,5
2237,1,3803,0,47,31,047031,1,6
2238,1,3804,0,47,31,047031,0,6
2239,1,3830,0,22,27,022027,22,3
2240,1,3831,0,22,27,022027,22,4
2241,1,3832,0,22,27,022027,23,3
2242,1,3833,0,22,27,022027,23,4
2243,1,3834,0,22,28,022028,21,4
2244,1,3835,0,22,28,022028,21,5
2245,1,3836,0,22,28,022028,22,4
2246,1,3837,0,22,28,022028,22,5
2247,1,3838,0,22,28,022028,23,4
2248,1,3839,0,22,28,022028,23,5
2249,1,3840,0,22,29,022029,21,5
2250,1,3841,0,22,29,022029,21,6
2251,1,3842,0,22,29,022029,22,5
2252,1,3843,0,22,29,022029,22,6
2253,1,3844,0,22,29,022029,23,5
2254,1,3845,0,22,29,022029,23,6
2255,1,3846,0,22,30,022030,21,6
2256,1,3847,0,22,30,022030,21,7
2257,1,3848,0,22,30,022030,22,6
2258,1,3849,0,22,30,022030,22,7
2259,1,3850,0,22,30,022030,23,6
2260,1,3851,0,22,31,022031,21,7
2261,1,3852,0,22,31,022031,21,8
2262,1,3853,0,22,31,022031,22,7
2263,1,3854,0,22,31,022031,22,8
2264,1,3855,0,22,32,022032,21,8
2265,1,3856,0,22,32,022032,21,9
2266,1,3857,0,22,32,022032,22,8
2267,1,3858,0,22,32,022032,22,9
2268,1,3859,0,22,33,022033,21,9
2269,1,3860,0,22,33,022033,21,10
2270,1,3861,0,22,33,022033,22,9
2271,1,3862,0,22,33,022033,22,10
2272,1,3863,0,22,34,022034,20,11
2273,1,3864,0,22,34,022034,21,10
2274,1,3865,0,22,34,022034,21,11
2275,1,3866,0,22,34,022034,22,10
2276,1,3867,0,22,34,022034,22,11
2277,1,3868,0,22,35,022035,20,11
2278,1,3869,0,22,35,022035,20,12
2279,1,3870,0,22,35,022035,21,11
2280,1,3871,0,22,35,022035,21,12
2281,1,3872,0,22,35,022035,22,11
2282,1,3873,0,22,35,022035,22,12
2283,1,3874,0,22,36,022036,20,12
2284,1,3875,0,22,36,022036,20,13
2285,1,3876,0,22,36,022036,21,12
2286,1,3877,0,22,36,022036,21,13
2287,1,3878,0,22,36,022036,21,14
2288,1,3879,0,22,36,022036,22,12
2289,1,3880,0,22,36,022036,22,13
2290,1,3881,0,22,37,022037,20,13
2291,1,3882,0,22,37,022037,20,14
2292,1,3883,0,22,37,022037,20,15
2293,1,3884,0,22,37,022037,21,13
2294,1,3885,0,22,37,022037,21,14
2295,1,3886,0,22,37,022037,21,15
2296,1,3887,0,22,38,022038,20,14
2297,1,3888,0,22,38,022038,20,15
2298,1,3889,0,22,38,022038,20,16
2299,1,3890,0,22,38,022038,21,14
2300,1,3891,0,22,38,022038,21,15
2301,1,3892,0,22,38,022038,21,16
2302,1,3893,0,22,39,022039,20,15
2303,1,3894,0,22,39,022039,20,16
2304,1,3895,0,22,39,022039,20,17
2305,1,3896,0,22,39,022039,21,16
2306,1,3897,0,22,39,022039,21,17
2307,1,3898,0,22,40,022040,19,17
2308,1,3899,0,22,40,022040,19,18
2309,1,3900,0,22,40,022040,20,17
2310,1,3901,0,22,40,022040,20,18
2311,1,3902,0,22,40,022040,21,17
2312,1,3903,0,22,40,022040,21,18
2313,1,3934,0,38,26,038026,9,2
2314,1,3935,0,38,26,038026,10,1
2315,1,3936,0,38,26,038026,10,2
2316,1,3937,0,38,26,038026,10,3
2317,1,3938,0,38,26,038026,11,2
2318,1,3939,0,38,26,038026,11,3
2319,1,3940,0,38,27,038027,9,2
2320,1,3941,0,38,27,038027,9,3
2321,1,3942,0,38,27,038027,10,2
2322,1,3943,0,38,27,038027,10,3
2323,1,3944,0,38,27,038027,10,4
2324,1,3945,0,38,27,038027,11,3
2325,1,3946,0,38,28,038028,9,3
2326,1,3947,0,38,28,038028,9,4
2327,1,3948,0,38,28,038028,9,5
2328,1,3949,0,38,28,038028,10,3
2329,1,3950,0,38,28,038028,10,4
2330,1,3951,0,38,28,038028,10,5
2331,1,3952,0,38,29,038029,8,4
2332,1,3953,0,38,29,038029,8,5
2333,1,3954,0,38,29,038029,9,4
2334,1,3955,0,38,29,038029,9,5
2335,1,3956,0,38,29,038029,9,6
2336,1,3957,0,38,29,038029,10,5
2337,1,3958,0,38,30,038030,8,5
2338,1,3959,0,38,30,038030,8,6
2339,1,3960,0,38,30,038030,8,7
2340,1,3961,0,38,30,038030,9,5
2341,1,3962,0,38,30,038030,9,6
2342,1,3963,0,38,30,038030,9,7
2343,1,3964,0,38,31,038031,7,7
2344,1,3965,0,38,31,038031,8,6
2345,1,3966,0,38,31,038031,8,7
2346,1,3967,0,38,31,038031,8,8
2347,1,3968,0,38,31,038031,9,7
2348,1,3969,0,38,31,038031,9,8
2349,1,3970,0,38,32,038032,7,7
2350,1,3971,0,38,32,038032,7,8
2351,1,3972,0,38,32,038032,7,9
2352,1,3973,0,38,32,038032,8,7
2353,1,3974,0,38,32,038032,8,8
2354,1,3975,0,38,32,038032,8,9
2355,1,3976,0,38,33,038033,6,9
2356,1,3977,0,38,33,038033,7,8
2357,1,3978,0,38,33,038033,7,9
2358,1,3979,0,38,33,038033,7,10
2359,1,3980,0,38,33,038033,8,9
2360,1,3981,0,38,33,038033,8,10
2361,1,3982,0,38,34,038034,6,9
2362,1,3983,0,38,34,038034,6,10
2363,1,3984,0,38,34,038034,6,11
2364,1,3985,0,38,34,038034,7,9
2365,1,3986,0,38,34,038034,7,10
2366,1,3987,0,38,34,038034,7,11
2367,1,3988,0,38,34,038034,8,10
2368,1,3989,0,38,35,038035,6,10
2369,1,3990,0,38,35,038035,6,11
2370,1,3991,0,38,35,038035,6,12
2371,1,3992,0,38,35,038035,7,10
2372,1,3993,0,38,35,038035,7,11
2373,1,3994,0,38,35,038035,7,12
2374,1,3995,0,38,36,038036,5,12
2375,1,3996,0,38,36,038036,6,11
2376,1,3997,0,38,36,038036,6,12
2377,1,3998,0,38,36,038036,6,13
2378,1,3999,0,38,36,038036,7,12
2379,1,4000,0,38,37,038037,5,12
2380,1,4001,0,38,37,038037,5,13
2381,1,4002,0,38,37,038037,5,14
2382,1,4003,0,38,37,038037,6,12
2383,1,4004,0,38,37,038037,6,13
2384,1,4005,0,38,37,038037,6,14
2385,1,4006,0,38,38,038038,4,14
2386,1,4007,0,38,38,038038,5,13
2387,1,4008,0,38,38,038038,5,14
2388,1,4009,0,38,38,038038,5,15
2389,1,4010,0,38,38,038038,6,14
2390,1,4011,0,38,38,038038,6,15
